RAVN,1.8125,1.8125,0.098450914,1.8125,1.8125,3200,06/01/1997
PEZ,21.38999939,21.48999977,20.39938354,21.38999939,21.51000023,13100,09/08/2010
FLWS,10.25,10.19999981,10.19999981,10.05000019,10.25,104000,23/02/2017
RAVN,1.604166627,1.604166627,0.044162948,1.5,1.604166627,80000,27/09/1994
MHF,8.625,8.625,3.121751785,8.5625,8.625,10300,13/09/2000
AFSI,6.252066135,6.504132271,4.296037674,6.252066135,6.6198349,507600,12/10/2007
RRC,91.02999878,88.91000366,87.61603546,88.84999847,91.04000092,939800,22/05/2014
GTT,26.25,25.54000092,25.54000092,25.20000076,26.46999931,116700,21/09/2015
FLWS,11.94999981,12.44999981,12.44999981,11.85000038,12.55000019,276000,05/03/2018
FLWS,9.350000381,9.350000381,9.350000381,9.170000076,9.470000267,497600,15/06/2007
GHDX,29.04999924,29.54999924,29.54999924,28.89999962,29.67000008,144500,10/01/2014
GTS,20.5,21.15999985,21.15999985,20.45000076,21.31999969,61000,26/04/2011
GTT,33,32.54999924,32.54999924,32.34999847,33.25,162900,19/06/2017
AMSWA,3.468699932,3.25,1.53472209,3.1875,3.468699932,32900,31/10/2000
EGHT,1.419999957,1.409999967,1.409999967,1.350000024,1.429999948,394900,21/12/2009
PEZ,31.53000069,31.60000038,30.75217056,31.53000069,31.68000031,900,01/03/2013
MHD,16.3125,16.375,4.391219616,16.25,16.5,18300,22/01/1999
GTN,3.849999905,3.99000001,3.99000001,3.700000048,4.039999962,991700,29/01/2013
AAPL,0.386160702,0.381696433,0.017238554,0.381696433,0.386160702,5168800,19/08/1981
PEY,15.14000034,15.14000034,8.917078972,15.02999973,15.14999962,182700,11/11/2005
CLWT,3.410000086,3.244999886,3.244999886,3.244999886,3.410000086,400,25/10/2011
PEY,15.85000038,15.88000011,10.0037241,15.75,15.90999985,72800,18/05/2007
AMSWA,4.940000057,5.019999981,3.368578911,4.940000057,5.019999981,54800,30/07/2010
PEZ,48.56999969,48.33000183,48.19952774,48.06999969,48.56999969,8900,02/11/2017
VIAV,21.1888504,20.58447075,20.58447075,20.5133667,21.61547279,1224400,03/12/1997
PEZ,38.20999908,38.31999969,37.40972519,38.20999908,38.43999863,1700,16/08/2013
PEZ,17.75,17.84000015,16.89441109,17.75,17.87999916,5000,17/07/2009
GTS,19.78000069,19.57999992,19.57999992,19.39999962,19.85000038,71200,14/11/2011
MHD,16.97999954,16.72999954,7.138567924,16.71999931,16.97999954,80300,15/07/2005
MHF,9.25,9.25,1.745571136,9.25,9.375,27500,21/05/1991
GTS,17.77000046,16.59000015,16.59000015,16.48999977,18.17000008,315000,03/10/2011
BRFS,12.53250027,12.34500027,11.02891064,12.28750038,12.53999996,1073200,25/03/2010
GTN,2.029999971,1.980000019,1.980000019,1.970000029,2.029999971,213900,27/09/2010
PEZ,41.41999817,41.27999878,40.41760635,41.27999878,41.77999878,4300,05/08/2014
CLWT,5.329999924,5.309999943,5.309999943,5.199999809,5.329999924,10800,21/02/2014
MHD,16.63999939,16.64999962,7.670822144,16.54999924,16.64999962,17300,27/10/2006
PEZ,19.65999985,19.54000092,18.29591179,19.14999962,19.67000008,32100,07/07/2008
AHH,10.97999954,10.63000011,8.666929245,10.53999996,10.98999977,133300,06/02/2015
GHDX,29.62999916,29.17000008,29.17000008,28.93000031,29.82999992,181700,07/12/2015
RAVN,18.18000031,18.60000038,17.56158638,18.15999985,18.61000061,188300,08/10/2015
RRC,41.63999939,41.47000122,40.20935059,39.56999969,42.09000015,780100,28/11/2008
RAVN,1.625,1.645833373,0.031101052,1.625,1.6875,14400,19/01/1993
PEY,12.64999962,12.52999973,11.2504921,12.46000004,12.64999962,132900,01/09/2015
AAPL,57.85571289,56.00714111,41.76728439,55.6771431,57.97000122,166574800,18/04/2013
AAPL,1.946428537,1.946428537,0.099680744,1.901785731,1.955357194,40600000,13/10/1987
GTN,1.860000014,1.789999962,1.789999962,1.75,1.919999957,64400,16/11/2011
GTN,14.75,14.80000019,14.80000019,14.60000038,14.89999962,702700,25/07/2017
GTN,11.43999958,11.14000034,11.14000034,11.11999989,11.43999958,504600,02/05/2014
EGHT,3.450000048,3.24000001,3.24000001,3.180000067,3.450000048,491700,13/04/2004
OXLC,10.01000023,10.05000019,9.326200485,10,10.07999992,120400,22/02/2018
AAPL,78.25285339,77,55.09365463,76.61000061,78.2857132,121786000,12/12/2012
MHD,14.57999992,14.51000023,8.184697151,14.51000023,14.64000034,26300,04/12/2009
CRCM,8.199999809,8.100000381,8.100000381,8.039999962,8.199999809,39400,06/10/2014
AMSWA,7.875,8.04679966,3.799880028,7.875,8.125,71800,08/04/1998
BRFS,0.983333349,0.958333313,0.130930915,0.958333313,0.983333349,25200,06/06/2002
EGHT,10.44999981,10.71000004,10.71000004,10.39999962,10.77999973,372600,17/04/2014
CLWT,12.86999989,12.21000004,12.21000004,12.21000004,12.86999989,5600,19/07/2006
OXLC,9.149999619,8.859999657,5.651199818,8.579999924,9.149999619,501300,26/05/2016
MHF,9.375,9.375,1.653592229,9.25,9.5,42300,06/08/1990
AMSWA,5.530864239,5.382716179,2.041285992,5.382716179,5.530864239,60900,22/09/1983
VIAV,15.33560848,15.29010201,15.29010201,15.24459648,15.79067135,9389100,03/12/2003
AAPL,1.008928537,1.024553537,0.688499272,1.002232194,1.029017806,41546400,29/06/1998
FLWS,9.510000229,9.789999962,9.789999962,9.430000305,9.819999695,363800,03/06/2015
CAAS,4.199999809,4.409999847,4.321504593,4.199999809,4.409999847,8800,13/05/2004
MHD,11.75,11.875,3.684202194,11.75,11.9375,77700,29/12/2000
GTS,24.69000053,24.07999992,24.07999992,24.04999924,24.97999954,72300,30/01/2015
RRC,13.03332996,12.87333012,12.31801224,12.71333027,13.10000038,1009500,11/01/2005
AMSWA,2.518518448,2.518518448,0.955097198,2.518518448,2.567901134,40600,10/07/1984
RAVN,2.104166746,2.104166746,0.131471306,2.104166746,2.104166746,12000,19/08/1997
AAPL,72.2842865,72.69857025,59.56578827,72.24428558,72.7514267,72635500,18/10/2013
OXLC,10.42000008,10.56000042,10.30752087,10.42000008,10.57999992,311400,02/07/2018
PEY,8.680000305,8.68999958,6.646595001,8.670000076,8.729999542,135800,03/06/2011
AMSWA,8.520000458,8.609999657,6.32738781,8.390000343,8.649999619,125400,03/05/2012
PEY,13.59000015,13.56000042,12.03593349,13.51000023,13.61999989,98700,16/04/2015
RAVN,15.14000034,16.27000046,11.57805157,15.10999966,16.36499977,271400,13/02/2008
GHDX,10.25,10.05000019,10.05000019,10,10.25,27800,09/12/2005
MHD,14.27000046,14.34000015,7.949159622,14.27000046,14.35000038,13500,28/08/2009
RAVN,1.388888836,1.416666627,0.024142597,1.388888836,1.416666627,36000,17/08/1992
PEZ,18.94000053,19.03000069,18.02133369,18.94000053,19.03000069,1700,19/11/2009
CLWT,3.140000105,3.329999924,3.329999924,3.099999905,3.329999924,7500,29/07/2016
RRC,40.31999969,41.25,40.92333603,40,41.49000168,2645600,23/05/2016
MHD,16.84000015,16.82999992,11.070858,16.72999954,16.84000015,33300,10/01/2012
FLWS,5.059999943,5.25,5.25,5.050000191,5.25,113400,13/10/2006
GTS,24.22999954,24.45999908,24.45999908,24.12999916,24.54000092,82400,10/01/2018
AAPL,0.645089269,0.651785731,0.437999517,0.642857134,0.660714269,42548800,04/02/1998
EGHT,1.840000033,1.850000024,1.850000024,1.820000052,1.870000005,626900,10/02/2006
GTN,12.64999962,12.14999962,12.14999962,12.10000038,12.89999962,1085900,02/04/2018
MHF,9.75,9.75,3.138879776,9.75,9.875,53900,06/01/1999
RAVN,1.375,1.375,0.050220102,1.375,1.375,3200,21/11/1995
GTN,9.31000042,9.550000191,7.668263435,9.31000042,9.550000191,62500,18/02/2003
RAVN,1.645833373,1.541666627,0.072412185,1.53125,1.645833373,168000,02/08/1996
GTN,9.789999962,10.01000023,10.01000023,9.670000076,10.09000015,1384600,23/09/2016
RAVN,1.541666627,1.541666627,0.03969989,1.541666627,1.65625,12800,01/08/1994
CLWT,12.17185974,12.38171959,12.38171959,12.17185974,13.0112896,33000,29/08/1997
AAPL,154.2599945,153.8099976,151.5190277,152.7200012,154.4499969,18698800,02/10/2017
RAVN,1.1875,1.171875,0.153798193,1.171875,1.1875,74400,06/05/1999
RAVN,27.85499954,27.16500092,23.52203369,26.68000031,27.85499954,100400,31/08/2011
RAVN,15.23999977,15.52000046,12.49505615,15.21500015,15.56000042,40400,20/04/2010
APO,23.69000053,23.5,21.37859917,23.37999916,23.77000046,1830600,23/03/2017
CLWT,6.050000191,5.775000095,5.775000095,5.610000134,6.050000191,1700,29/10/2008
FLWS,7.690000057,7.46999979,7.46999979,7.46999979,7.840000153,246700,10/03/2008
CCNE,18.79199982,18.81999969,10.23389912,18.70400047,18.99600029,7000,23/09/2003
GHDX,26.23999977,25.71999931,25.71999931,24.80999947,26.23999977,111900,08/04/2009
AAPL,2.332857132,2.352142811,1.580638528,2.293571472,2.402142763,441931000,15/07/2004
MHD,16.51000023,16.53000069,13.28348446,16.51000023,16.54000092,18600,18/11/2014
AAPL,2.142857075,2.125,0.474176198,2.107142925,2.151785612,52038000,04/02/1993
CAAS,5.050000191,5.269999981,5.164247513,5.019999981,5.28000021,91900,12/05/2008
PEZ,39.81999969,39.63999939,38.72341537,39.47999954,39.81999969,900,23/09/2013
MHD,16.04000092,15.93000031,6.640152931,15.90999985,16.07999992,41500,15/03/2005
AMSWA,6.900000095,7.010000229,3.70395565,6.800000191,7.050000191,126200,19/01/2006
AMSWA,6.53000021,6.269999981,4.028521538,6.269999981,6.550000191,39200,04/11/2009
VIAV,9.596132278,9.493742943,9.493742943,9.414107323,9.69852066,8353800,27/04/2007
BRFS,9.520000458,9.567500114,8.364474297,9.449999809,9.637499809,246400,11/07/2007
VIAV,3.390216112,3.373151302,3.373151302,3.350398064,3.44141078,2272500,10/08/2009
VIAV,5.19055748,5.261661053,5.261661053,5.155005455,5.261661053,40700,08/12/1995
RRC,40.11000061,40.18999863,38.84912491,39.95999908,40.79999924,1207500,03/12/2007
RRC,27.45000076,27.25,26.20409584,27.11000061,27.54000092,1012900,09/05/2006
CLWT,19.25,18.86499977,18.86499977,18.75499916,19.41500092,18500,22/03/2006
RAVN,0.743055582,0.736111104,0.006621787,0.736111104,0.743055582,29600,31/05/1990
MHF,9,9.125,2.174230576,9,9.125,8200,20/07/1994
MHD,14.35000038,14.21000004,4.647351742,14.19999981,14.35000038,28100,16/11/2001
MHD,16.32999992,16.47999954,13.24330902,16.32999992,16.47999954,15600,02/12/2014
PEY,17.18000031,17.27000046,16.8722744,17.11000061,17.29999924,163700,13/02/2018
APO,28.39999962,29.44000053,21.27229691,28.31999969,29.45999908,1214200,21/04/2014
AMSWA,6.25,6.5,3.303215981,6.25,6.519999981,95600,31/03/2005
AFSI,6.814049721,6.925619602,4.557350636,6.628098965,7.016529083,757600,04/09/2007
FLWS,10.88000011,10.80000019,10.80000019,10.44999981,10.88000011,234900,06/11/2003
RRC,43.29000092,44.13000107,42.65766907,43.00999832,44.41999817,1288800,05/10/2007
AAPL,102.2900009,100.9599991,94.07817078,100.5,102.3499985,70902400,19/09/2014
VIAV,12.1046648,11.83162689,11.83162689,11.55858898,12.28668976,8322000,22/06/2006
CAAS,10.14000034,10.11999989,9.916922569,9.920000076,10.25,148300,22/02/2007
RAVN,1.6875,1.6875,0.040918425,1.583333373,1.6875,29600,26/05/1994
MHD,15.9375,15.9375,4.103667736,15.875,15.9375,12700,28/09/1998
MHD,14.51000023,14.68999958,11.02162075,14.48999977,14.69999981,134700,10/12/2013
RAVN,7.542500019,7.679999828,4.687410355,7.542500019,7.75,177200,03/03/2004
RRC,37.45000076,36.97000122,35.70996475,36.33000183,37.84000015,1585900,02/08/2007
GTT,13,14.11999989,14.11999989,12.97000027,14.73999977,838800,20/02/2015
RAVN,0.357638896,0.357638896,4.25E-05,0.357638896,0.357638896,72800,05/07/1984
RAVN,11.53499985,11.55000019,7.704099178,11.10499954,11.61499977,311000,20/05/2005
GTN,9.779999733,9.720000267,9.720000267,9.680000305,9.869999886,341200,13/11/2014
GTN,17.56999969,17.76000023,17.76000023,17.39999962,17.92000008,683000,22/07/2015
AHL,24.35000038,24.35000038,17.94257545,24.35000038,24.35000038,200,21/07/2004
PEZ,24.79999924,24.42000008,23.388237,24.42000008,24.79999924,800,01/09/2011
GHDX,20.29999924,20.30999947,20.30999947,19.90999985,20.40999985,79100,04/12/2009
RAVN,15.48499966,14.625,9.857466698,14.49499989,15.48499966,322400,30/09/2005
RAVN,32.36000061,33.02000046,29.6595974,32.36000061,33.25,79200,02/05/2013
RRC,2.083329916,2,1.903757691,2,2.083329916,271200,29/06/2000
EGHT,0.9375,0.781199992,0.781199992,0.75,0.9375,197900,30/03/2001
RAVN,0.5,0.5,0.000868857,0.5,0.5,80000,29/06/1987
PEY,17.23999977,17.30999947,16.96933365,17.23999977,17.37000084,139900,16/03/2018
OXLC,19.5,18.80999947,5.503108501,18.80999947,19.5,2100,14/04/2011
RAVN,16.35000038,16.18000031,15.40407562,16.13999939,16.37000084,131700,08/03/2016
GTN,12.80000019,12.75,10.27671814,12.75,12.85999966,53000,13/06/2003
MHD,17.25,17.40999985,14.28162003,17.25,17.40999985,13200,07/04/2015
AAPL,28.74285698,28.87142944,19.40158081,28.68714333,28.91142845,86381400,23/12/2009
GHDX,32.11999893,32.54000092,32.54000092,32.11999893,32.68000031,113200,11/10/2017
VIAV,14.97155857,14.10693932,14.10693932,14.06143379,15.06257153,6217500,07/04/2003
CLWT,21.45000076,21.88999939,21.88999939,21.22999954,23.10000038,81200,31/10/2007
RAVN,1.28125,1.28125,0.350366205,1.260416627,1.291666627,68000,05/09/2000
CCNE,6.099999905,6.099999905,1.639778495,6.099999905,6.099999905,2500,08/02/1996
AMSWA,4.3125,4.343699932,2.051192045,4.218699932,4.343699932,84100,05/06/2000
EGHT,21,21.64999962,21.64999962,20.89999962,21.72999954,1818500,12/07/2018
CCNE,5.800000191,6.050000191,2.508355379,5.800000191,6.050000191,15500,28/12/2000
AMSWA,5.625,5.875,2.774305582,5.625,5.875,50100,22/10/1996
GTS,17.19000053,17.02000046,17.02000046,16.87000084,17.19000053,76900,13/03/2017
MHF,9.125,9.125,1.599128127,9.125,9.375,7200,28/06/1990
MHD,16.94000053,17.42000008,15.70906258,16.94000053,17.56999969,80100,19/10/2016
MHD,17.20999908,17.31999969,14.28134918,17.20999908,17.31999969,14700,16/04/2015
CLWT,5.445000172,5.445000172,5.445000172,4.949999809,5.445000172,500,18/08/2011
RRC,2.041670084,1.958330035,1.864092827,1.916669965,2.041670084,318100,26/07/2000
EGHT,7.960000038,7.960000038,7.960000038,7.880000114,8.010000229,507900,13/02/2015
PEZ,23.85000038,24.22999954,22.68729973,23.80999947,24.22999954,1108300,21/12/2007
OXLC,16.25,16.35000038,7.498221397,16.18000031,16.44000053,47600,05/08/2014
AMSWA,9.390000343,9.31000042,6.771995544,8.989999771,9.390000343,136800,21/12/2011
AAPL,77.11571503,75.97428894,67.70626068,75.79714203,77.14286041,68812800,04/04/2014
RRC,3.093329906,3.099999905,2.95082283,3.073329926,3.133330107,123100,28/02/2002
CRCM,9.149999619,9.130000114,9.130000114,9.119999886,9.25,58900,27/08/2014
MHD,15.78999996,15.76000023,6.609322071,15.76000023,15.84000015,17400,14/04/2005
GTS,16.89999962,17.47999954,17.47999954,16.85000038,17.63999939,92600,08/06/2012
APO,17.87999916,17.94000053,12.17200947,17.70000076,18.09000015,412200,05/05/2011
RRD,5.390625,5.375,1.213146687,5.34375,5.421875,38400,11/03/1982
AHH,10.64000034,10.40999985,7.806931019,10.27999973,10.64000034,52800,24/10/2013
MHF,8.625,8.625,2.080336809,8.625,8.625,2200,28/09/1994
GHDX,11.05000019,11.06000042,11.06000042,10.89999962,11.23999977,163900,22/03/2006
GHDX,30.5,30.36000061,30.36000061,28,31.07999992,670900,11/01/2016
RRD,5.59375,5.546875,1.251939058,5.5,5.59375,46400,10/05/1982
AMSWA,9.300000191,9.460000038,7.707408428,9.300000191,9.479999542,39000,19/05/2014
FLWS,7.400000095,7.400000095,7.400000095,7.369999886,7.449999809,100800,23/02/2005
MHD,16.875,16.5625,4.309126377,16.5625,16.875,48300,04/12/1998
VIAV,48.64619064,52.78725815,52.78725815,47.96359634,53.87940979,11055500,16/11/2001
RRC,8.75,9,7.949627876,8.75,9,193200,02/10/1996
PEZ,22.88999939,22.68000031,21.23599243,22.68000031,22.88999939,6900,04/04/2008
PEY,16.37000084,16.28000069,10.09656143,16.26000023,16.44000053,95600,18/12/2006
GTS,24.06999969,24.17000008,24.17000008,23.85000038,24.25,55900,23/01/2018
APO,21.95999908,22.36000061,17.77335358,21.95999908,22.61000061,660200,14/07/2015
CLWT,3.98732996,4.407050133,4.407050133,3.98732996,4.407050133,11300,24/02/1999
RRC,28.04000092,28.30999947,27.24731255,28.04000092,28.72999954,1017900,25/08/2006
EGHT,3,2.875,2.875,2.875,3.531199932,228100,25/08/1998
FLWS,2.089999914,2.029999971,2.029999971,2.029999971,2.470000029,355900,24/06/2009
PEY,10.81000042,10.78999996,8.958790779,10.72000027,10.81000042,66600,24/05/2013
AHL,23.75,23.68000031,17.42749214,23.60000038,23.75,44400,18/05/2004
GTT,1.100000024,1.100000024,1.100000024,1.100000024,1.100000024,15800,11/10/2011
MHD,17.12999916,17.04999924,7.35579586,17.04999924,17.14999962,17700,13/09/2005
EGHT,4.3125,4.1875,4.1875,3.875,4.468699932,164800,28/10/1999
BRFS,14.63249969,14.33500004,12.74219608,14.29749966,14.80000019,386800,20/06/2008
FLWS,10.14999962,10.39999962,10.39999962,10.14999962,10.5,135200,17/11/2016
AAPL,4.839285851,4.761160851,3.199496269,4.622767925,4.982142925,82140800,03/04/2000
VIAV,15.56313992,15.42662144,15.42662144,15.29010201,15.69965839,5516600,05/05/2006
APO,17.31999969,17.75,12.09051323,17.31999969,17.96999931,430700,26/05/2011
GTN,14.59000015,14.72000027,12.00144863,14.32999992,14.72000027,99100,03/02/2005
RRC,16.97999954,16.82999992,16.74834633,16.67000008,17.29999924,10424900,09/08/2017
AMSWA,2.593699932,2.593699932,1.22480309,2.375,2.625,34600,19/02/1999
PEZ,41.84999847,41.93999863,41.33556747,41.84000015,41.97000122,12400,27/05/2016
GTN,10.61999989,10.35999966,10.35999966,10.21000004,10.61999989,311600,20/05/2014
RRC,5.333330154,5.333330154,4.679829597,5.166669846,5.333330154,18000,08/03/1994
MHF,9.375,9.375,2.659194708,9.25,9.375,13800,08/01/1997
GTN,1.5,1.559999943,1.559999943,1.5,1.559999943,187900,16/07/2012
CLWT,2.480000019,2.559999943,2.559999943,2.480000019,2.559999943,800,02/10/2015
AMSWA,8.569999695,8.670000076,6.841576576,8.550000191,8.68999958,22600,22/02/2013
FLWS,7.349999905,7.230000019,7.230000019,7.210000038,7.460000038,202900,11/04/2016
RAVN,0.447916657,0.447916657,0.000669646,0.444444448,0.447916657,72800,11/05/1987
RAVN,0.447916657,0.440972209,0.000557426,0.440972209,0.447916657,48000,12/02/1987
FLWS,7.230000019,7.210000038,7.210000038,7.099999905,7.28000021,177700,16/08/2004
FLWS,3.099999905,3.150000095,3.150000095,3.059999943,3.180000067,87800,06/06/2012
GTT,2.00999999,1.950000048,1.950000048,1.950000048,2.00999999,2500,19/04/2007
RAVN,1.916666627,1.848958373,0.107925683,1.848958373,1.916666627,364800,01/04/1997
AMSWA,6.769999981,6.619999886,4.703159809,6.599999905,6.920000076,308600,11/08/2011
PEY,12.96000004,12.80000019,8.356598854,11.96000004,12.96000004,43100,15/02/2008
VIAV,6.734926224,6.825938702,6.825938702,6.370875835,6.96245718,21458800,12/04/2005
GTN,11.02999973,11.01000023,10.58063889,10.81999969,11.15999985,279000,23/04/2007
GTN,10.35000038,10.39999962,10.39999962,10.27999973,10.5,876000,18/01/2017
GTT,2.49000001,2.650000095,2.650000095,2.480000019,2.650000095,800,09/11/2012
CAAS,21.82999992,21.78000069,21.34294319,21.5,22.18000031,424100,21/04/2010
CAAS,6.690000057,6.690000057,6.555752277,6.659999847,6.929999828,32800,18/01/2006
CLWT,21.94499969,19.85499954,19.85499954,19.46999931,22.11000061,29500,01/11/2007
RAVN,30.43499947,30.63999939,26.71778679,30.40500069,31.29999924,95400,17/11/2011
AHL,23.97999954,24,17.70656586,23.90999985,24.04999924,62500,09/11/2004
CCNE,10.3760004,10.39599991,4.995334625,10.3760004,10.39599991,5700,15/05/2002
RAVN,9,9,5.867245197,8.62250042,9,81600,06/07/2004
AMSWA,2.799999952,2.769999981,1.308056116,2.769999981,2.799999952,2100,11/09/2002
RAVN,15.67000008,15.39000034,14.77382755,15.36999989,15.77000046,75000,05/05/2016
CLWT,10.61499977,10.67000008,10.67000008,10.50500011,10.72500038,1700,07/09/2006
AMSWA,8.890000343,8.800000191,6.336801052,8.720000267,8.909999847,70700,14/11/2011
MHD,15.86999989,15.81999969,6.044974804,15.77000046,15.86999989,21800,15/01/2004
GTN,15.05000019,15.19999981,15.19999981,14.94999981,15.30000019,537500,25/07/2018
BRFS,14.5,14.21000004,14.21000004,14.14999962,14.55000019,1018200,13/01/2017
AMSWA,5.944444656,5.944444656,2.28780961,5.777777672,6,98100,29/09/1987
AMSWA,5.888888836,5.611111164,2.172252178,5.555555344,5.888888836,72900,24/03/1988
AHL,23.32999992,22.75,17.42001152,22.60000038,23.32999992,245000,02/08/2006
CAAS,7.179999828,6.929999828,6.790935993,6.929999828,7.210000038,72200,24/07/2007
AMSWA,5.179999828,5.139999866,3.511185646,5.130000114,5.210000038,21100,16/09/2010
EGHT,10.75,10.625,10.625,10.625,11.125,147600,08/01/1998
AHL,22.5,22.79000092,17.45064163,22.5,22.89999962,243900,24/07/2006
GHDX,23.87999916,24.67000008,24.67000008,23.5,24.79000092,181900,12/08/2015
AMSWA,10.39999962,10.43000031,9.654726028,10.38000011,10.51000023,10500,29/12/2016
MHD,18.18000031,18.20000076,13.10921383,18.14999962,18.21999931,26700,30/04/2013
RAVN,2.012500048,1.913750052,0.828463435,1.912500024,2.012500048,48000,20/09/2001
VIAV,7.559727192,7.622298241,7.622298241,7.542662144,7.872582436,11287000,28/06/2007
EGHT,2.660000086,2.569999933,2.569999933,2.529999971,2.730000019,633600,26/05/2004
GTN,10.48999977,10.64999962,10.64999962,10.30000019,10.68000031,725500,06/07/2016
FLWS,7.510000229,7.420000076,7.420000076,7.190000057,7.650000095,145800,25/05/2005
RRC,16.34000015,16.45332909,15.76411915,16.15999985,16.52667046,1311600,05/04/2005
GTN,13.93000031,13.85999966,13.85999966,13.84000015,14.11999989,524600,07/04/2015
MHF,8.75,8.75,2.219671488,8.75,8.875,13500,30/05/1995
RRC,2.708329916,2.708329916,2.562932968,2.708329916,2.75,54000,19/05/1999
GHDX,16.60000038,17.51000023,17.51000023,16.35000038,17.87000084,276700,29/10/2008
EGHT,7.110000134,7.150000095,7.150000095,6.980000019,7.170000076,1172800,16/06/2014
VIAV,23.46416473,24.28185463,24.28185463,23.32195663,24.60181999,916400,11/09/1998
AHL,28.09000015,27.48999977,23.27166367,27.40999985,28.10000038,498300,26/08/2010
AAPL,1.214285731,1.178571463,0.11968144,1.178571463,1.232142806,48795600,22/02/1990
RAVN,1.916666627,1.854166627,0.038479842,1.854166627,1.916666627,24800,27/07/1993
CAAS,2.950000048,2.960000038,2.900601864,2.910000086,3.25,52100,22/12/2008
FLWS,6.289999962,6.369999886,6.369999886,6.099999905,6.369999886,85600,19/02/2003
CAAS,6.78000021,6.829999924,6.692943096,6.630000114,6.949999809,40100,18/08/2006
AMSWA,16.25,15.625,6.572012901,15.5,16.25,118500,20/04/1992
RAVN,0.34375,0.340277791,0.00013521,0.340277791,0.34375,33600,20/09/1985
CLWT,2.959019899,3.021980047,3.021980047,2.455359936,3.021980047,1200,02/03/2001
FLWS,12.75,12.69999981,12.69999981,12.64999962,12.89999962,50900,17/07/2018
EGHT,10.5,10.39000034,10.39000034,10.35999966,10.64000034,1216400,26/02/2014
APO,27.14999962,27.32999992,24.86285782,26.93000031,27.35000038,1121300,16/05/2017
AAPL,1.928571463,1.931428552,1.297918797,1.922142863,1.954285741,104973400,26/03/2004
RRD,10.375,10.375,2.341655254,10.3125,10.53125,139200,21/11/1983
BRFS,5.544166565,5.554166794,4.781763554,5.48083353,5.616666794,415200,15/02/2006
GTS,25.22999954,24.29999924,24.29999924,24.19000053,25.32999992,182100,28/02/2018
GTN,15.05000019,15.30000019,15.30000019,14.80000019,15.44999981,1031100,27/04/2017
MHF,9.625,9.625,2.991285086,9.5625,9.625,52500,08/06/1998
AAPL,1.412142873,1.450714231,0.974878907,1.411428571,1.477857113,75948600,12/06/2001
MHD,16.25,16.1875,4.340936661,16.1875,16.25,13400,10/02/1999
AMSWA,6.611111164,6.777777672,2.658691168,6.611111164,6.833333492,290200,21/11/1988
MHD,16.15999985,16.28000069,13.012743,16.12999916,16.28000069,53500,16/10/2014
BRFS,12.69999981,12.76000023,11.39966774,12.67000008,13,1006900,07/06/2010
AHH,15.06999969,15.09000015,15.09000015,14.96000004,15.21000004,291800,24/07/2018
AMSWA,5.940000057,5.989999771,3.902909517,5.940000057,6.03000021,35000,13/01/2010
RAVN,1.791666627,1.875,0.101845823,1.791666627,1.875,94400,30/12/1996
AAPL,1.723214269,1.303571463,0.066758633,1.267857194,1.723214269,119000000,19/10/1987
AAPL,6.108571529,6.115714073,4.10975647,5.978571415,6.144285679,189154700,04/03/2005
AAPL,1.803571463,1.8125,0.31468147,1.803571463,1.839285731,8523200,29/11/1991
MHF,7.375,7.3125,2.515281677,7.3125,7.4375,87800,27/12/1999
BRFS,11.23999977,11.35999966,11.18756676,11.18999958,11.48999977,1889700,27/01/2016
AMSWA,1.843700051,1.843700051,0.870636404,1.8125,1.875,92900,15/12/2000
RRC,3.166670084,3.333329916,3.154380322,3.166670084,3.375,419400,09/06/1999
GTT,4.25,4.300000191,4.300000191,4.239999771,4.329999924,9100,06/09/2013
VIAV,1.955346942,2.026450396,2.026450396,1.955346942,2.026450396,24600,27/01/1995
MHF,9,9.125,1.642783284,9,9.125,54400,01/11/1990
EGHT,2.25,2.089999914,2.089999914,1.980000019,2.279999971,1692900,28/09/2010
GTN,17.10000038,17.09000015,17.09000015,17.06999969,17.39999962,1531700,15/07/2015
CCNE,9.5,9.5,3.510291576,9.300000191,9.5,5200,18/02/2000
VIAV,38.08873749,39.49943161,39.49943161,37.86120605,41.09215164,7876100,31/12/2001
AMSWA,7,7,3.305557251,6.5,7,65200,28/01/1997
GTN,13.39000034,13.48999977,10.88992596,13.28999996,13.5,194900,09/12/2003
RRC,45.81999969,45.88999939,44.6264534,44.77999878,46.18999863,2660900,28/07/2009
MHF,9.875,9.75,2.079787731,9.75,9.875,18300,02/02/1993
ISTR,15.81999969,15.73999977,15.60613441,15.65999985,15.88000011,1700,10/08/2016
RRC,11.83333015,11.93332958,11.40101433,11.83333015,12.16666985,666000,05/10/2004
AAPL,25.11714363,25.25571442,16.97182274,25.08142853,25.3571434,109902800,22/08/2008
AMSWA,4.444444656,4.444444656,1.685465455,4.444444656,4.54321003,43300,07/11/1983
MHD,14.31999969,14.22000027,4.625397682,14.19999981,14.38000011,20100,16/10/2001
CLWT,17.93000031,18.09499931,18.09499931,17.76499939,18.92000008,11300,14/11/2005
RRD,4.1875,4.125,0.931019425,4.125,4.1875,76800,11/12/1980
AAPL,6.222856998,6.092857361,4.094396591,6.037142754,6.340000153,140520100,29/07/2005
OXLC,13.60000038,13.55000019,4.359818935,13.40999985,13.60000038,12300,16/12/2011
MHF,8.375,8.25,2.002424955,8.25,8.5,18900,26/10/1994
AMSWA,6.555555344,6.611111164,2.544384718,6.555555344,6.666666508,58500,14/07/1987
AMSWA,6.349999905,5.889999866,2.890147448,5.78000021,6.389999866,162000,03/06/2004
RRC,7.406670094,7.54666996,7.203249931,7.406670094,7.686669827,624400,14/05/2004
AAPL,96,95.09999847,91.56359863,95.02999878,96.56999969,34411900,20/06/2016
AAPL,27.23714256,27.03857231,18.16990089,26.98428535,27.35000038,109552800,08/10/2009
BRFS,15.31000042,15.22000027,13.62891102,15.18999958,15.38000011,2792200,13/10/2010
CAAS,8.930000305,9.289999962,9.103578568,8.729999542,9.390000343,156300,30/09/2009
RRC,3.458329916,3.958329916,3.757752419,3.416670084,3.958329916,520900,18/06/1999
AMSWA,4.960000038,4.980000019,2.377700567,4.920000076,5.019999981,158700,04/09/2003
RRC,4.333330154,4.5,3.948607445,4.25,4.5,69700,13/01/1995
AAPL,2.235489368,2.330357075,1.565998435,2.216517925,2.352678537,158636800,31/08/1999
GHDX,26.75,27.04000092,27.04000092,26.31999969,27.13999939,135100,14/04/2016
DSKE,9.670000076,9.369999886,9.369999886,9.340000153,9.739999771,432800,22/05/2018
RAVN,29.54999924,29.80999947,26.47747612,29.54999924,30.20000076,95000,01/10/2012
CAAS,17.20000076,16.5,16.16889572,16.39999962,17.64999962,53900,12/01/2004
FLWS,8.5,8.659999847,8.659999847,8.5,8.850000381,87900,20/06/2003
CAAS,12.55000019,12.39999962,12.15116978,12.31999969,12.63000011,145800,16/02/2011
MHD,12.06999969,12.17000008,6.580583572,12.06999969,12.17000008,21900,06/05/2009
AMSWA,5.75,5.789999962,2.877435446,5.590000153,5.849999905,111900,25/08/2004
GTS,24.36000061,24.39999962,24.39999962,24.12999916,24.70999908,213700,15/06/2015
AAPL,0.640625,0.640625,0.028932534,0.638392866,0.647321403,17690400,30/06/1986
RRC,36.22999954,36.54999924,36.13922119,35.99000168,36.79999924,3029000,17/08/2015
RAVN,0.322916657,0.326388896,3.88E-05,0.322916657,0.326388896,15200,04/10/1984
RAVN,30,29.57999992,26.95635605,28.95000076,30.79999924,241500,21/05/2014
AMSWA,8.420000076,8.449999809,6.667971134,8.270000458,8.460000038,29900,17/06/2013
CLWT,13.19999981,13.14500046,13.14500046,12.86999989,13.19999981,6200,17/08/2007
EGHT,14.69999981,14.25,14.25,14.25,15.44999981,899200,21/12/2016
RAVN,1.664999962,1.720833302,0.701439321,1.661666632,1.720833302,206400,17/05/2001
AMSWA,5.099999905,5.130000114,2.449317455,4.989999771,5.130000114,59000,23/09/2003
RRC,3.893330097,3.859999895,3.674252272,3.833329916,3.966670036,56700,26/12/2002
RAVN,14.75500011,14.20499992,11.1066103,13.94999981,14.75500011,83000,05/08/2009
CAAS,8.090000153,8.109999657,7.947257042,8.010000229,8.279999733,104400,26/10/2007
GTS,18.59000015,18.23999977,18.23999977,18.14999962,18.68000031,108500,03/03/2017
VIAV,2.488623381,2.506399393,2.506399393,2.488623381,2.559726954,482300,02/03/1995
AHH,14.05000019,13.77999973,12.86492538,13.67000008,14.14999962,331200,03/05/2017
EGHT,13.15999985,13.27000046,13.27000046,13.14000034,13.27999973,331100,30/08/2016
AMSWA,6.944444656,6.833333492,2.629911423,6.777777672,7,88200,03/08/1987
MHD,13.03999996,13.05000019,7.190004349,12.98999977,13.10999966,39400,23/07/2009
BRFS,12.90999985,13.06000042,13.06000042,12.69999981,13.06000042,2093700,05/06/2017
RRC,5.083330154,5.083330154,4.460459709,5.083330154,5.083330154,13600,03/07/1995
GTT,40.25,39.54999924,39.54999924,39.20000076,40.25,392900,01/12/2017
RAVN,0.472222209,0.475694448,0.000601318,0.472222209,0.475694448,22400,18/02/1987
GTN,16.45000076,16.09000015,16.09000015,16.06999969,16.54999924,1017900,03/06/2015
AAPL,0.542410731,0.540178597,0.024396079,0.540178597,0.542410731,9956800,08/01/1981
VIAV,98.62059021,94.92321014,94.92321014,93.99886322,98.76280212,1527100,09/07/1999
RAVN,15.39000034,14.875,10.18470669,14.875,15.60000038,84400,07/07/2006
GTS,14.19999981,14.35999966,14.35999966,14.19999981,14.64000034,132700,26/05/2009
RRC,41.90999985,42.90000153,41.55665207,40.88999939,43.5,6419300,05/08/2008
BRFS,25,25.35000038,24.25777817,24.84000015,25.44000053,1070900,10/09/2014
APO,16.37999916,16.28000069,13.97331619,16.28000069,16.45999908,703800,07/06/2016
RAVN,0.201388896,0.197916672,2.35E-05,0.197916672,0.208333328,170400,22/02/1983
AAPL,0.696428597,0.678571403,0.455999523,0.674107134,0.696428597,52917200,11/02/1998
GTN,10.14999962,9.869999886,9.869999886,9.869999886,10.18000031,736400,04/09/2014
AAPL,1.151785731,1.116071463,0.396651745,1.098214269,1.160714269,35117600,09/05/1994
AHL,26.94000053,26.73999977,23.13574791,26.09000015,27.31999969,465500,28/10/2011
CLWT,12.17185974,10.49298,10.49298,10.07326031,12.17185974,600,15/12/1997
DSKE,10.35999966,10.57999992,10.57999992,10.25,10.68000031,348000,13/03/2018
BRFS,5.021666527,4.976666451,4.284574509,4.958333492,5.134166718,194400,21/03/2006
RAVN,16.22999954,15.625,10.76503468,15.47000027,16.22999954,88200,09/11/2006
OXLC,10.55000019,10.5,8.76246357,10.43000031,10.55000019,62600,20/07/2017
AMSWA,5.135802269,5.086419582,1.928921461,5.086419582,5.185184956,54900,10/06/1983
RRC,13.83333015,13.37333012,12.79644108,13.24666977,13.83333015,748600,27/12/2004
FLWS,2.710000038,2.539999962,2.539999962,2.49000001,2.710000038,162600,08/06/2011
BRFS,16.27000046,15.47000027,14.30147648,15.44999981,16.5,2542700,21/06/2012
AMSWA,11.25,11,4.532499313,10.875,11.25,46300,22/04/1991
AAPL,5.544285774,5.32285738,3.576956987,5.26285696,5.651428699,688298100,14/04/2005
VIAV,1.102104664,1.102104664,1.102104664,1.102104664,1.102104664,32300,03/08/1994
EGHT,7.0625,6.5,6.5,6.5,7.5625,1621100,06/01/1999
OXLC,11.93000031,11.78999996,6.601397991,11.75,12,77600,03/11/2015
EGHT,3.829999924,4.260000229,4.260000229,3.829999924,4.440000057,6610500,19/01/2012
NSEC,5,5,1.1286273,5,5.277777672,10800,05/04/1982
VIAV,15.88168335,15.51763344,15.51763344,15.38111496,16.10921478,3199300,22/09/2004
AAPL,55.30285645,54.47428513,36.60668182,54.45428467,55.55571365,136910200,30/09/2011
MHD,15.43999958,15.59000015,11.41119099,15.39999962,15.75,90700,31/07/2013
CCNE,8,8,3.033728123,8,8,200,31/03/2000
PEZ,43.22999954,43.68000031,43.41009903,43.22999954,43.72000122,28100,18/05/2017
CCNE,14.02000046,14.19999981,7.330116749,14.02000046,14.19999981,1200,31/01/2003
RAVN,1.760416627,1.760416627,0.089126274,1.760416627,1.760416627,5600,09/10/1996
GHDX,19.69000053,19.27000046,19.27000046,18.70999908,19.69000053,205200,04/01/2007
GTS,19.19000053,19.36000061,19.36000061,19.19000053,19.57999992,46500,27/01/2011
RAVN,0.75,0.75,0.006746727,0.75,0.75,26400,06/06/1990
PEY,15.39999962,15.31000042,9.675426483,15.27000046,15.43999958,69000,26/06/2007
AAPL,1.776785731,1.741071463,0.281967014,1.741071463,1.803571463,53900000,05/11/1991
FLWS,6,6.093699932,6.093699932,5.75,6.25,111900,27/04/2000
FLWS,6,6.125,6.125,6,6.281199932,153100,19/03/2001
PEY,6.28000021,6.329999924,4.431573868,6.28000021,6.400000095,46500,11/06/2009
AAPL,1.526785731,1.508928537,0.667174399,1.495535731,1.540178537,51125200,24/10/1994
PEZ,50.13999939,50.38000107,50.30689621,50.13999939,50.43999863,3800,16/04/2018
AAPL,44.57143021,44.97142792,30.22077179,44.5357132,45.05714417,103431300,24/11/2010
AAPL,25.05714226,25.64999962,17.23678207,24.6771431,25.67142868,222087600,08/07/2008
RRC,2.666670084,2.666670084,2.33991909,2.666670084,2.833329916,28600,26/02/1993
GTS,20.85000038,20.64999962,20.64999962,20.56999969,20.85000038,38800,20/02/2008
AAPL,1.357142806,1.366071463,0.71425426,1.339285731,1.370535731,48829200,28/04/1995
GTN,8.989999771,9.220000267,7.572731495,8.909999847,9.359999657,1352800,01/11/2005
CLWT,4.344089985,4.029300213,4.029300213,4.029300213,4.344089985,4200,30/05/2000
AAPL,2.25,2.258928537,0.413830787,2.25,2.258928537,13540800,20/03/1992
GHDX,16,15.65999985,15.65999985,15.52000046,16,86700,18/05/2010
AAPL,0.314732134,0.314732134,0.014214239,0.314732134,0.319196433,29545600,17/07/1985
CLWT,3.440000057,3.440000057,3.440000057,3.440000057,3.440000057,1500,30/10/2014
PEY,7.849999905,7.78000021,5.632497311,7.75,7.900000095,214900,21/01/2010
AAPL,1.758928537,1.732142806,0.363527596,1.714285731,1.767857194,28562800,21/10/1992
RAVN,18.61499977,18.56999969,13.06470776,18.35000038,18.64999962,55400,06/07/2007
MHD,14.28999996,14.30000019,4.954944134,14.26000023,14.30000019,11000,08/10/2002
GTT,44.20000076,44.90000153,44.90000153,43.45000076,44.90000153,338800,05/07/2018
AMSWA,4.740740776,4.777777672,1.823663235,4.740740776,4.85185194,81000,30/12/1986
RRC,42.13000107,41.77999878,40.5099144,39.86999893,43.58000183,4571100,01/10/2008
RRC,15.97000027,16.11000061,16.11000061,15.89999962,16.39999962,4738900,09/08/2018
VIAV,11.73208237,12.58532429,12.58532429,11.66097832,12.72753143,3598900,08/01/1997
APO,25.59000015,25.60000038,23.28903198,25.5,25.87999916,787100,20/04/2017
PEZ,38.47999954,38.47999954,37.56591797,38.47000122,38.63000107,1300,31/07/2013
EGHT,1.070000052,1.139999986,1.139999986,1.070000052,1.139999986,282700,24/01/2008
FLWS,2.480000019,2.529999971,2.529999971,2.420000076,2.529999971,91900,10/06/2010
BRFS,16.90999985,16.93000031,16.93000031,16.78000069,17.04999924,1900600,12/08/2016
MHD,17.70000076,17.72999954,16.85144806,17.68000031,17.72999954,12900,20/09/2017
CLWT,9.350000381,9.18500042,9.18500042,9.18500042,9.734999657,3900,10/07/2008
AMSWA,3.555555582,3.679012299,1.395192027,3.555555582,3.703703642,64800,15/03/1985
CRCM,6.110000134,6.070000172,6.070000172,5.809999943,6.210000038,102900,15/04/2016
FLWS,2.799999952,2.799999952,2.799999952,2.700000048,2.819999933,70800,18/02/2011
AAPL,1.339285731,1.34375,0.902999043,1.330357194,1.348214269,63442400,02/11/1998
RAVN,1.625,1.666666627,0.036563005,1.625,1.6875,115200,27/09/1993
RRC,33.45000076,32.31000137,31.98236084,31.54999924,33.68000031,5022600,22/10/2015
CLWT,19.74500084,19.85499954,19.85499954,19.36000061,20.07500076,13600,20/03/2006
PEY,8.18999958,8.270000458,6.409948349,8.140000343,8.31000042,531100,05/10/2011
AMSWA,2,2.0625,0.973958731,2,2.25,141900,15/10/1998
AMSWA,7.360000134,7.440000057,5.285727501,7.329999924,7.489999771,47800,07/06/2011
RAVN,30.29000092,30.10000038,27.14025497,29.92000008,30.45999908,63200,23/08/2013
RRC,23.79999924,23.23999977,22.29372787,22.92667007,23.82666969,769600,02/09/2005
EGHT,3.828099966,3.75,3.75,3.5,3.859299898,183400,08/11/2000
AAPL,1.580357194,1.616071463,0.214287356,1.5625,1.642857194,116816000,09/01/1991
GHDX,29.86000061,29.86000061,29.86000061,29.78000069,30.17000008,49600,24/12/2013
AHH,9.550000191,9.590000153,7.55594492,9.460000038,9.590000153,72700,14/07/2014
CAAS,7.329999924,6.820000172,6.683143616,6.75,7.420000076,180900,06/06/2006
GHDX,31.46999931,31.45000076,31.45000076,30.98999977,31.93000031,229200,23/11/2016
AMSWA,10.94999981,10.80000019,9.687056541,10.77999973,10.96000004,28800,13/07/2016
AHL,25.87000084,25.23999977,18.75166702,25.19000053,25.87000084,88900,21/03/2005
RRD,5,5,1.128507972,4.9375,5.015625,682400,06/07/1982
RRC,49.06999969,48.72999954,47.64090347,48.20999908,49.31000137,1979000,15/02/2011
CCNE,14,14,4.830943108,14,14,1200,25/11/1998
AHL,28.95000076,28.97999954,24.2678299,28.80999947,29.03000069,487600,14/04/2010
GTN,14.89999962,15.25,12.32847691,14.89999962,15.5,210700,02/01/2004
RAVN,25.75,26.42000008,23.64180756,25.75,26.43000031,80300,12/02/2013
CLWT,4.138100147,4.269050121,4.269050121,3.876189947,4.269050121,1700,23/04/2002
MHD,16.77000046,16.47999954,7.031895161,16.42000008,16.77000046,153100,18/07/2005
GTT,12.88000011,13.03999996,13.03999996,12.72999954,13.17000008,310200,22/12/2014
FLWS,2.859999895,2.819999933,2.819999933,2.809999943,2.900000095,133500,13/04/2012
AHL,25.23999977,24.97999954,21.47811699,24.70999908,25.23999977,729200,23/06/2011
AHL,26.90999985,27.37000084,22.79638481,26.90999985,27.54000092,1103900,07/01/2010
AAPL,0.453125,0.448660702,0.020262852,0.4375,0.453125,23508800,23/07/1984
CCNE,12.10000038,12,4.023418427,12,12.60000038,6700,25/08/1998
FLWS,12.53999996,14.01000023,14.01000023,12.44999981,14.30000019,1040300,28/06/2001
MHF,8.5,8.5,2.050187349,8.5,8.625,15100,07/10/1994
RRC,89.54000092,90.61000061,89.29130554,89.01999664,90.76999664,1053300,05/05/2014
VIAV,72.17008209,74.08987427,74.08987427,71.81455994,75.72525787,1474900,11/05/1999
EGHT,2.75,2.619999886,2.619999886,2.589999914,2.75,445000,19/01/2011
RAVN,30.96999931,30.93000031,27.99694443,30.62999916,31.31999969,88300,08/10/2013
RAVN,16.35000038,15.78499985,10.74089527,15.56499958,16.35000038,184800,31/05/2006
OXLC,15.68000031,15.82999992,5.87145853,15.52999973,15.85000038,14400,04/01/2013
AMSWA,10.89999962,10.81999969,9.803025246,10.77000046,10.93999958,26600,29/09/2016
CLWT,12.86999989,12.64999962,12.64999962,12.48499966,12.97999954,1900,03/03/2008
BRFS,5.922500134,5.849999905,5.036456108,5.755000114,5.949999809,6014800,27/10/2006
AAPL,25.04000092,24.81999969,16.67901802,24.6785717,25.1785717,107846200,28/08/2008
RAVN,27.71500015,26.75,22.87139511,26.54999924,28.27499962,157600,10/03/2011
BRFS,12.81750011,12.98999977,11.44963646,12.58250046,13.02499962,585600,25/03/2008
FLWS,3.420000076,3.349999905,3.349999905,3.25999999,3.450000048,177800,28/06/2012
AMSWA,8.880000114,9,8.072546005,8.840000153,9.130000114,32300,18/05/2016
AMSWA,5.800000191,5.96999979,3.112931967,5.75,6.039999962,71000,08/09/2005
APO,11,10.35000038,7.16911602,10.28999996,11.17000008,384800,22/09/2011
GTN,15.43999958,15.85999966,15.85999966,15.31999969,15.97000027,234100,24/12/2015
FLWS,3.809999943,3.559999943,3.559999943,3.5,3.869999886,112700,12/01/2009
AAPL,0.370535702,0.368303567,0.016633691,0.368303567,0.372767866,30139200,22/05/1985
RRC,69.87000275,68.5,67.12014771,67.87999725,72.72000122,3206700,17/11/2011
MHF,9.875,9.875,2.129817486,9.875,10,22500,01/04/1993
BRFS,14,13.84000015,13.84000015,13.81999969,14.02999973,2357400,20/10/2017
CLWT,3.230000019,3.349999905,3.349999905,3.230000019,3.349999905,1900,01/08/2017
RRC,5.083330154,5.083330154,4.460459709,4.916669846,5.166669846,32100,28/10/1994
VIAV,624.0045776,598.9761353,598.9761353,582.1956787,639.362915,14226200,24/07/2000
RAVN,16.62000084,18.13999939,17.12726212,16.62000084,18.37999916,284100,24/11/2015
RAVN,21.375,19.88500023,14.0635252,19.71999931,21.375,194200,01/11/2007
AMSWA,5.75,5.690000057,2.96693182,5.650000095,5.840000153,12200,26/08/2005
AHL,22.89999962,23.20999908,17.88952637,22.89999962,23.34000015,205600,14/08/2006
CAAS,8.81000042,8.729999542,8.554815292,8.68999958,8.920000076,65300,23/03/2007
GTT,24.62000084,24.26000023,24.26000023,24.07999992,24.69000053,80200,19/08/2015
CLWT,3.519999981,3.289999962,3.289999962,3.25,3.720000029,24800,13/09/2013
AHL,25.60000038,25.32999992,19.52355576,25.18000031,25.61000061,725000,27/10/2006
GHDX,27.09000015,27.23999977,27.23999977,26.93000031,27.35000038,244200,22/05/2015
RAVN,1.277777791,1.284722209,0.019800788,1.277777791,1.284722209,127200,09/03/1992
GTS,20.06999969,20.06999969,20.06999969,19.87000084,20.27000046,105300,30/03/2015
AMSWA,3.92592597,3.777777672,1.43264544,3.777777672,3.92592597,32400,22/08/1985
PEZ,28.75,28.32999992,26.48060417,28.32999992,28.75,13000,24/07/2007
BRFS,3.641666651,3.666666746,1.841777444,3.641666651,3.75,74400,11/02/2005
RAVN,20.5,21.17499924,14.9758625,20.25,21.17499924,195600,23/10/2007
CCNE,14.14000034,13.85000038,7.882538319,13.81000042,14.14000034,14100,14/06/2004
AAPL,1.508928537,1.59375,1.070998907,1.504464269,1.602678537,147673400,02/11/2000
OXLC,15.97999954,16.04000092,5.343537807,15.90999985,16.15999985,1900,21/03/2012
CCNE,6.150000095,6.150000095,1.653219104,6.150000095,6.150000095,500,28/02/1996
AHH,15.64000034,15.61999989,15.61999989,15.56999969,15.75,235500,09/08/2018
MHF,10.0625,10,3.058136702,9.9375,10.0625,37800,04/03/1998
FLWS,3.680000067,3.779999971,3.779999971,3.660000086,3.779999971,195300,20/08/2012
DSKE,12.64000034,13.31999969,13.31999969,12.61999989,13.31999969,181200,06/02/2018
EGHT,0.930000007,0.980000019,0.980000019,0.930000007,1,119200,18/03/2008
GHDX,29.65999985,29.68000031,29.68000031,29.38999939,29.84000015,224500,02/03/2012
GTT,10.96000004,10.86999989,10.86999989,10.75,11.27000046,64800,07/08/2014
GTS,19.79999924,20,20,19.68000031,20.07999992,33900,10/08/2012
MHD,14.60000038,14.42000008,5.613239765,14.35000038,14.60000038,83200,14/04/2004
AAPL,84.48285675,81.85428619,55.00602341,81.48857117,84.94571686,257746300,20/04/2012
AAPL,0.598214269,0.598214269,0.401999563,0.589285731,0.598214269,34983200,30/01/1997
RAVN,1.708333373,1.854166627,0.042727254,1.708333373,1.854166627,156800,07/03/1994
AAPL,0.75,0.667410731,0.44849962,0.660714269,0.767857134,349560400,10/11/1997
AMSWA,7.5,7.75,3.306130648,7.5,7.875,285300,21/10/1992
AAPL,1.205357194,1.209821463,0.53492409,1.191964269,1.21875,27272000,27/09/1994
GTN,11.18999958,10.96000004,10.96000004,10.85000038,11.22999954,373700,19/12/2014
EGHT,1.220000029,1.25999999,1.25999999,1.220000029,1.320000052,259100,17/08/2007
RAVN,0.402777791,0.402777791,4.79E-05,0.395833343,0.402777791,166400,13/01/1984
RAVN,1.260416627,1.260416627,0.022746103,1.25,1.260416627,64800,26/10/1992
RAVN,0.434027791,0.434027791,0.001970361,0.434027791,0.434027791,4800,25/11/1988
CCNE,12.39999962,12.39999962,6.270018578,12.39999962,12.39999962,5500,15/11/2002
GTT,18.75,19.07999992,19.07999992,18.17000008,19.09000015,133200,08/05/2015
AMSWA,2.49000001,2.470000029,1.166388988,2.470000029,2.50999999,5200,04/11/2002
RRC,27.70999908,26.76000023,25.7555027,26.61000061,27.70999908,783800,14/08/2006
CRCM,15.22000027,15.26000023,15.26000023,15.02000046,15.34000015,99300,28/06/2017
AAPL,1.004464269,0.982142866,0.659999371,0.982142866,1.013392806,39110400,16/02/1996
BRFS,4.75,4.987500191,3.436952353,4.75,4.987500191,55200,14/10/2005
RAVN,33.86999893,33.29000092,29.56843948,33.06999969,33.88999939,87300,07/08/2012
PEY,16.93000031,17.01000023,16.06951523,16.93000031,17.05999947,166100,20/01/2017
RAVN,1.75,1.75,0.042433929,1.75,1.75,3200,17/05/1994
RRC,28.55999947,28.5,27.43018723,28.37999916,29,709900,09/08/2006
EGHT,14.25,14.25,14.25,14.05000019,14.30000019,274000,14/07/2017
BRFS,24.87000084,24.32999992,23.28172493,24.28000069,24.87999916,1207700,17/09/2014
AAPL,1.642857194,1.6875,0.145218343,1.607142806,1.741071463,62510000,17/10/1989
RRD,4.984375,5,1.128507972,4.984375,5.03125,553600,08/04/1981
EGHT,4.046800137,3.9375,3.9375,3.75,4.156199932,228800,01/11/2000
PEZ,19.69000053,19.60000038,18.56111908,19.60000038,19.69000053,1100,20/10/2009
MHF,8.75,8.625,2.350008726,8.625,8.75,5700,17/06/1996
AAPL,1.785714269,1.767857194,0.286304981,1.758928537,1.8125,21915600,23/09/1991
OXLC,10.92000008,10.92000008,8.776999474,10.85999966,10.93000031,111200,31/05/2017
FLWS,11.625,11,11,10.75,11.75,229700,14/02/2000
MHD,16.14999962,16.04000092,10.43092537,16.04000092,16.14999962,11600,09/11/2011
RAVN,1.458333373,1.416666627,0.025565835,1.416666627,1.458333373,82400,19/11/1992
MHD,13.625,13.5625,4.093775749,13.5625,13.625,4600,24/07/2000
FLWS,6.159999847,6.349999905,6.349999905,6.150000095,6.349999905,319100,06/06/2006
OXLC,19.95999908,19.45000076,5.690349102,19.45000076,19.95999908,3700,31/05/2011
GTN,8.279999733,8.270000458,6.627414703,8.25,8.340000153,174500,21/10/2002
AMSWA,2.519999981,2.549999952,1.204167128,2.50999999,2.660000086,32300,10/01/2002
RAVN,16.20999908,16.43000031,15.77218819,16.04000092,16.86000061,130700,26/04/2016
MHF,8.875,8.875,2.376284838,8.875,8.875,13800,13/03/1996
RRC,74.70999908,74.16999817,72.94467926,73.63999939,75.70999908,1906100,29/04/2013
BRFS,13.01000023,13.05000019,13.05000019,12.90999985,13.14000034,1017200,06/11/2017
ISTR,15.89999962,15.52499962,15.34857655,15.52499962,15.93999958,900,07/07/2015
RAVN,1.34375,1.333333373,0.133113295,1.333333373,1.34375,58400,05/11/1998
RRD,3.53125,3.5625,0.804062426,3.53125,3.59375,27200,05/06/1980
AAPL,5.269999981,5.320000172,3.57503581,5.255714417,5.332857132,81561900,06/05/2005
EGHT,3.190000057,3.289999962,3.289999962,3.089999914,3.299999952,991600,21/10/2004
EGHT,13.80000019,14.14999962,14.14999962,13.64999962,14.19999981,654100,31/08/2017
GTN,2.119999886,2.119999886,2.119999886,2.119999886,2.359999895,822700,19/03/2010
RRC,4.033329964,4.213329792,4.010580063,4,4.273330212,687900,02/06/2003
AMSWA,4,3.75,1.770834327,3.625,4,221900,06/03/1995
BRFS,6.375833511,6.512499809,5.356304646,6.375833511,6.540833473,85200,24/01/2006
RAVN,25.97999954,26.37999916,24.26586723,25.75,26.51000023,102800,06/11/2014
EGHT,2.269999981,2.220000029,2.220000029,2.220000029,2.269999981,551400,27/12/2010
RAVN,1.5,1.5,0.133758858,1.5,1.5,5600,10/09/1998
RRC,3.916670084,3.875,3.678645134,3.75,3.958329916,143700,19/07/1999
EGHT,7.859300137,7.8125,7.8125,7.6875,8.1875,111200,08/08/2000
EGHT,4.010000229,3.829999924,3.829999924,3.670000076,4.010000229,1134600,21/10/2011
GHDX,9.859999657,10,10,9.800000191,10,20000,22/12/2005
FLWS,8.529999733,8.390000343,8.390000343,8.31000042,8.609999657,128400,18/04/2008
BRFS,17.69000053,17.65999985,15.95166302,17.44000053,17.93000031,1199000,25/02/2011
RAVN,11.37250042,11.25,7.408498287,11.18500042,11.37250042,214400,06/10/2004
PEY,11.98999977,11.97000027,10.24191093,11.94999981,12.02000046,87900,27/03/2014
MHD,15.13000011,15.13000011,9.553689003,15.02999973,15.14000034,20100,02/06/2011
AMSWA,2.930000067,2.960000038,1.397778273,2.890000105,3.049999952,19300,24/01/2003
AMSWA,17.5,17.375,7.278635025,17,17.5,121900,22/01/1992
AAPL,41.99714279,41.59428406,27.95133209,41.5728569,42.10428619,120708700,27/09/2010
RAVN,0.354166657,0.347222209,4.13E-05,0.347222209,0.354166657,8000,05/03/1984
CLWT,22.32999992,21.63332939,21.63332939,20.97332954,22.91666985,15000,08/04/2004
AAPL,1.160714269,1.1875,0.422037452,1.125,1.196428537,52264800,31/03/1994
GHDX,29.70000076,29.37000084,29.37000084,29.22999954,29.70000076,100200,23/05/2017
GTT,1.299999952,1.289999962,1.289999962,1.289999962,1.320000052,1006500,11/09/2009
RAVN,1.625,1.708333373,0.05757061,1.625,1.708333373,92000,10/07/1995
AMSWA,7.75,8.375,3.417032957,7.75,8.75,178900,17/10/1990
MHD,12.5,12.5,3.727982759,12.5,12.5625,33700,31/05/2000
FLWS,2.099999905,2.079999924,2.079999924,2.00999999,2.140000105,288500,22/11/2010
AMSWA,6.125,6.5,3.06944418,6.125,6.5,177500,29/12/1995
APO,22.14999962,22.20999908,15.80107689,21.56999969,22.46999931,634400,04/02/2013
RAVN,14.78999996,14.64999962,11.66754436,14.47999954,14.78999996,80400,26/02/2010
AMSWA,2.950000048,2.640000105,1.246667147,2.5,2.950000048,116300,17/12/2001
AAPL,1.247767806,1.25,0.839999259,1.223214269,1.272321463,70182000,22/07/1998
EGHT,2.210000038,2.150000095,2.150000095,2.109999895,2.210000038,1249100,07/03/2005
AAPL,25.08142853,25.05571365,16.83741951,24.83142853,25.40142822,138003600,18/08/2008
EGHT,2.900000095,2.849999905,2.849999905,2.829999924,2.960000038,684000,17/05/2011
AMSWA,7.125,6.4375,3.039931536,6.375,7.375,720800,21/11/1995
RRC,36.33000183,34.79000092,33.76718521,34.5,36.33000183,2692400,12/01/2009
RRC,6,5.916669846,5.191688538,5.916669846,6.25,119500,30/08/1993
AAPL,61.35142899,60.90142822,47.60856628,60.78142929,61.3928566,51949100,22/07/2013
AAPL,9.037142754,9.215714455,6.192953587,8.974286079,9.268571854,246466500,19/05/2006
EGHT,8.010000229,7.920000076,7.920000076,7.920000076,8.090000153,388800,09/09/2015
GTN,0.75,0.75,0.75,0.709999979,0.769999981,992700,15/05/2009
MHD,16.71999931,16.80999947,16.11939621,16.71999931,16.81999969,14200,06/12/2017
CLWT,3.130000114,3.279999971,3.279999971,3.130000114,3.329999924,6700,02/10/2013
OXLC,15.5,15.64999962,7.736236572,15.5,15.64999962,96500,11/03/2015
AAPL,1.321428537,1.303571463,0.875999033,1.298571467,1.362857103,87053400,04/09/2001
RAVN,0.579861104,0.576388896,0.003714735,0.576388896,0.579861104,33600,27/03/1989
PEZ,21.57999992,21.59000015,20.21539307,21.57999992,21.62000084,2400,14/01/2008
PEZ,22.29000092,22.29000092,20.87082291,22.29000092,22.48999977,11400,22/05/2008
AAPL,64.3171463,64.67571259,48.23187256,64.30000305,65.42571259,95813900,21/03/2013
AMSWA,2.5,2.4375,1.151042104,2.375,2.5625,90300,29/09/1998
MHD,16.10000038,16.04000092,14.60676861,15.85999966,16.10000038,67300,15/12/2016
MHF,9.25,9.25,1.768891096,9.25,9.375,22300,31/07/1991
RAVN,0.340277791,0.336805552,0.000133831,0.336805552,0.340277791,4800,16/10/1985
MHD,11.8125,11.8125,3.623696804,11.625,11.875,28400,13/10/2000
PEZ,45.34999847,45.63000107,44.92978668,45.34999847,45.65999985,17700,20/11/2015
BRFS,19.76000023,19.88999939,18.18813896,19.71999931,20.22999954,2145300,19/10/2011
EGHT,5.75,5.75,5.75,5.375,6,113400,23/10/2000
GTT,11.40999985,11.46000004,11.46000004,10.96000004,11.53999996,97100,12/06/2014
AAPL,0.40625,0.412946433,0.018649893,0.401785702,0.421875,29467200,30/09/1983
GTN,13.89999962,13.75,13.75,13.55000019,14.05000019,681000,11/09/2017
FLWS,5.6875,5.625,5.625,5.5,5.8125,78200,19/06/2000
PEZ,23.35000038,23.32999992,22.17365646,23.29999924,23.37000084,2900,18/10/2010
CLWT,17.875,17.65500069,17.65500069,17.32500076,18.14999962,8400,22/02/2005
AHL,26.54999924,26.54999924,19.93488503,26.20000076,26.60000038,477000,09/11/2005
FLWS,4.730000019,4.550000191,4.550000191,4.53000021,4.829999924,155800,10/11/2008
VIAV,86.74629974,85.32423401,85.32423401,84.04436493,87.45733643,1066400,24/06/1999
MHF,9.75,9.75,3.030135393,9.6875,9.75,6300,16/06/1998
CAAS,5.78000021,5.71999979,5.60521698,5.599999905,5.940000057,68600,14/07/2008
GHDX,31.12000084,31.30999947,31.30999947,30.76000023,31.87000084,578400,19/12/2014
ISTR,22.89999962,23,22.87784195,22.89999962,23,3800,19/09/2017
AAPL,2.752232075,2.78125,1.868997812,2.716517925,2.821428537,126022400,28/10/1999
RRC,12.56000042,13.14000034,13.10673618,12.46000004,13.18999958,9274100,14/02/2018
AAPL,12.88428593,12.96142864,8.71007061,12.81999969,13.07857132,154509600,27/01/2009
GTT,2.200000048,2.25,2.25,2.099999905,2.25,7800,14/05/2012
RRC,33.47999954,29.89999962,29.64346123,29.69000053,33.5,6410800,08/03/2016
APO,13.43000031,13.57999992,11.25132084,13.14000034,13.89000034,1153600,01/02/2016
RAVN,9.864999771,9.694999695,6.320326805,9.494999886,9.875,142800,23/08/2004
BRFS,13.67000008,13.68999958,13.51346779,13.53999996,13.78999996,1261400,05/04/2016
MHD,16.73999977,16.70999908,7.698462009,16.68000031,16.76000023,9400,31/10/2006
AMSWA,5.730000019,5.760000229,3.341093302,5.449999809,5.760000229,151800,13/03/2008
RAVN,23.04000092,22.46999931,16.24637222,22,23.90999985,174200,22/09/2008
GHDX,16.5,16.46999931,16.46999931,16.39999962,16.57999992,37400,14/07/2009
RAVN,1.25,1.222222209,0.022056809,1.222222209,1.25,156000,28/09/1992
RAVN,13.11999989,12.99499989,10.25969505,12.71000004,13.48999977,142600,12/11/2009
CLWT,13.85072994,13.0112896,13.0112896,12.80142975,14.90003014,2100,03/10/1997
GHDX,29.01000023,28.28000069,28.28000069,28.12000084,29.19000053,116500,15/09/2014
MHF,8.25,8.25,2.016250849,8.25,8.375,16500,09/12/1994
PEZ,21.29000092,22.29999924,20.8801899,21.12000084,22.37999916,14500,23/01/2008
AAPL,88.77714539,88.11856842,61.04238129,87.23428345,89.50714111,139631800,24/10/2012
CLWT,4.429999828,4.400000095,4.400000095,4.400000095,5.179999828,80000,16/01/2014
MHD,14.53999996,14.60999966,10.96159744,14.52999973,14.64000034,63100,04/12/2013
RRC,11.19999981,11.1866703,10.67761135,10.93332958,11.26667023,1257100,02/08/2004
CLWT,5.820000172,5.960000038,5.960000038,5.800000191,6.239999771,73300,27/02/2014
RAVN,0.139755562,0.139755562,1.66E-05,0.139755562,0.139755562,7200,23/01/1981
NSEC,2.5,2.5,0.56431365,2.5,2.708333254,34500,19/03/1981
PEY,13.96000004,14.13000011,9.187652588,13.81999969,14.15999985,127100,01/02/2008
AMSWA,4,4.037036896,1.530964613,3.777777672,4.037036896,644100,20/06/1986
GTN,12.02000046,11.78999996,11.78999996,11.77000046,12.10999966,338100,17/06/2014
AHL,24.89999962,24.54999924,18.13489914,24.51000023,24.95000076,45600,10/02/2005
FLWS,5.625,5.5,5.5,5.5,5.75,96000,11/07/2000
PEY,18.04000092,18.13999939,18.08399963,18.03000069,18.15999985,63800,17/08/2018
AMSWA,5.75,5.75,2.715278387,5.75,6,15700,03/12/1996
CLWT,6.888100147,7.961900234,7.961900234,6.888100147,8.773810387,10400,17/07/2003
AAPL,1.0625,1.0625,0.713999331,1.040178537,1.089285731,113078000,02/01/2001
FLWS,1.909999967,1.899999976,1.899999976,1.870000005,1.929999948,147800,17/02/2010
RAVN,11.97500038,11.96500015,8.023141861,11.72000027,12.25,162800,22/08/2005
AAPL,0.953125,0.941964269,0.632999361,0.928571403,0.959821403,53869200,20/03/1998
PEZ,43.24000168,43.43999863,43.04394913,43.22000122,43.52000046,2800,18/08/2016
MHD,12.40999985,12.48999977,6.836968899,12.31000042,12.5,23400,15/06/2009
GTN,7.010000229,7.110000134,7.110000134,6.909999847,7.179999828,507000,12/08/2013
AHL,26.82999992,27.17000008,21.29500771,26.72999954,27.17000008,636500,08/06/2007
CAAS,15,14.89000034,14.59120369,14.60000038,15,213500,02/12/2010
GTT,2.75,2.799999952,2.799999952,2.75,2.799999952,4800,31/12/2012
MHF,8.75,8.75,2.205972195,8.75,8.75,12300,09/05/1995
RAVN,0.381944448,0.381944448,4.54E-05,0.381944448,0.385416657,15200,21/12/1983
GTS,16.75,16.43000031,16.43000031,16.25,16.75,142500,14/07/2008
PEY,15.35000038,15.40999985,9.453003883,15.35000038,15.43999958,138000,18/09/2006
AMSWA,9.890000343,9.930000305,7.921024323,9.800000191,9.979999542,219700,28/01/2014
RRC,58.27000046,59.16999817,57.28246307,55.56000137,59.31999969,2678000,20/03/2008
AHL,25.85000038,25.39999962,18.69334221,25.39999962,25.85000038,238800,13/04/2004
BRFS,9.154999733,9.029999733,7.850000858,8.949999809,9.197500229,244400,25/06/2007
RAVN,17.80500031,17.15999985,13.93573666,16.95000076,17.85000038,158000,29/06/2010
PEY,9.699999809,9.630000114,7.765629768,9.630000114,9.720000267,101900,12/10/2012
AHH,9.699999809,9.630000114,7.463458538,9.579999924,9.779999733,61200,25/04/2014
FLWS,5.349999905,5.199999809,5.199999809,5.170000076,5.349999905,117200,26/09/2006
CLWT,10.17500019,10.22999954,10.22999954,9.680000305,10.39500046,8000,13/10/2010
RAVN,1.119791627,1.125,0.26104182,1.114583373,1.125,542400,31/05/2000
CLWT,3.099999905,3.390000105,3.390000105,3.039999962,3.390000105,2600,05/03/2012
CAAS,4.800000191,4.320000172,4.233311176,4.320000172,4.800000191,7500,07/10/2004
AHL,26.07999992,26.25,20.23265457,26.04999924,26.29999924,131200,13/11/2006
BRFS,6.960000038,6.775000095,6.022209644,6.732500076,7.047500134,564800,23/04/2009
AAPL,1.084821463,1.09375,0.734999359,1.022321463,1.116071463,183937600,26/01/1996
AAPL,0.357142866,0.357142866,0.016129637,0.352678567,0.361607134,62787200,13/12/1985
AAPL,1.419642806,1.464285731,0.079856634,1.419642806,1.482142806,57120000,10/02/1988
AAPL,26.25285721,26.43714333,17.76574135,26.15285683,26.6428566,224771400,08/05/2008
AMSWA,5.269999981,5.210000038,2.684139252,5.150000095,5.269999981,44400,08/06/2005
MHD,15.93000031,15.82999992,10.23434925,15.81999969,15.94999981,22600,22/09/2011
AMSWA,10,10.05000019,5.655889034,9.909999847,10.10000038,186800,04/06/2007
RAVN,1.9375,1.895833373,0.110661797,1.895833373,1.9375,10400,22/04/1997
RRC,12.69999981,12.98666954,12.40737534,12.69332981,13.03332996,759900,03/12/2004
RRC,5.333330154,5.166669846,4.533590317,4.916669846,5.333330154,49500,31/05/1994
AAPL,113.5,114.6299973,107.279541,112.75,115.75,59348900,02/12/2014
GTT,22.43000031,22.09000015,22.09000015,21.90999985,22.52000046,75600,03/09/2015
VIAV,4.61319685,4.692832947,4.692832947,4.562002182,4.761092186,6611300,27/01/2010
RAVN,1.104166627,1.118055582,0.016202711,1.104166627,1.118055582,32000,04/12/1991
CAAS,6.960000038,7.059999943,6.918327332,6.949999809,7.079999924,33100,18/09/2007
AHL,24,23.97999954,17.69180489,23.95000076,24.02000046,13400,13/09/2004
OXLC,11.35000038,11.39999962,8.223276138,11.35000038,11.47000027,430800,13/12/2016
GHDX,18.84000015,19.37000084,19.37000084,18.63999939,19.39999962,118800,03/11/2009
RRC,22.79999924,21.63999939,21.53500748,21.61000061,22.90999985,6533100,20/07/2017
AMSWA,5.125,5.5,2.597222567,5.125,6,50100,06/08/1998
RAVN,20.34000015,19.94000053,18.5645256,19.93000031,20.34000015,150400,30/04/2015
RRC,33,33.02000046,31.86962318,32.68999863,33.29999924,996100,28/03/2007
CLWT,4.590000153,4.389999866,4.389999866,4.300000191,4.590000153,7700,12/04/2012
ISTR,22.95000076,23.04999924,22.90525436,22.75,23.04999924,43400,15/06/2017
MHD,15.31000042,15.32999992,11.65262699,15.27000046,15.32999992,14500,29/01/2014
RAVN,19.44000053,19.22999954,17.90350151,19.07999992,19.68000031,186800,21/05/2015
ISTR,15.38000011,15.19999981,15.01955795,15.19999981,15.60000038,3400,30/06/2015
EGHT,0.239999995,0.270000011,0.270000011,0.239999995,0.270000011,10500,16/04/2003
OXLC,14.47000027,14.22999954,7.611629963,14.22999954,14.5,93000,22/07/2015
GTT,21.54000092,21.93000031,21.93000031,21.52000046,21.94000053,66600,12/09/2016
PEY,14.38000011,14.28999996,8.4164505,14.27999973,14.43000031,111500,18/10/2005
GTT,29.64999962,29.20000076,29.20000076,28.70000076,29.75,298400,21/08/2017
AAPL,1.267857194,1.285714269,0.065844141,1.241071463,1.330357194,58520000,04/11/1987
AAPL,23.51714325,23.59714317,15.85726357,23.44428635,23.94428635,91062300,02/09/2009
AHL,28.60000038,29.07999992,24.74484253,28.59000015,29.12999916,665600,10/11/2010
MHD,14.35000038,14.27000046,8.955243111,14.23999977,14.35999966,16300,15/04/2011
VIAV,9.954493523,10.25028419,10.25028419,9.954493523,10.51763344,4869300,07/12/2006
RAVN,14.63000011,14.77499962,11.76709652,14.53499985,14.77999973,86200,16/03/2010
RAVN,1.625,1.625,0.047826838,1.583333373,1.625,118400,11/01/1995
MHF,9.75,9.75,2.018689156,9.75,9.875,12000,15/09/1992
AAPL,1.53125,1.517857194,0.793616056,1.517857194,1.535714269,30447200,17/02/1995
MHD,16.45999908,16.46999931,13.16461182,16.37000084,16.46999931,28300,30/10/2014
AHH,13.55000019,13.59000015,12.8696146,13.47999954,13.60000038,242500,19/09/2017
OXLC,11,11.03999996,8.406014442,10.93000031,11.14999962,312300,02/02/2017
MHF,9.625,9.625,1.558318496,9.625,9.75,5800,03/01/1989
RRC,2.25,2.291670084,2.130694389,2.166670084,2.333329916,445200,04/12/1998
ISTR,23.25,23.04999924,22.92757416,22.20000076,23.29999924,7200,26/07/2017
FLWS,5.329999924,5.21999979,5.21999979,5.119999886,5.329999924,304900,03/01/2014
RRD,4.53125,4.53125,1.022711039,4.53125,4.546875,7200,05/08/1981
EGHT,9.0625,8.781200409,8.781200409,8.5625,9.0625,50800,21/09/2000
FLWS,7.110000134,7.050000191,7.050000191,7.050000191,7.190000057,61000,14/07/2005
GTN,13.5,13.73999977,11.15436077,13.30000019,13.81999969,61900,31/08/2004
RRC,56.72000122,57.75999832,56.6330452,56.34000015,58.06000137,2140200,30/01/2012
NSEC,2.638888836,2.638888836,0.595664382,2.638888836,2.916666746,1400,05/06/1980
GTN,7.579999924,7.019999981,6.791299343,6.920000076,7.679999828,390300,19/11/2007
RRC,47,46.77999878,45.60495377,46.02000046,47.15999985,2269900,30/03/2010
AAPL,0.504464269,0.491071433,0.022178255,0.486607134,0.506696403,18530400,29/08/1984
GTN,12.60000038,12.30000019,12.30000019,12.19999981,12.75,1046000,25/05/2017
AFSI,3.264462709,3.504132271,2.385268927,3.161157131,3.533057928,650400,25/11/2008
AAPL,0.598214269,0.587053597,0.026513085,0.587053597,0.600446403,37245600,20/10/1986
PEY,15.84000015,15.86999989,9.966280937,15.71000004,15.89000034,129400,01/05/2007
CCNE,6.849999905,6.849999905,1.978335977,6.849999905,6.849999905,500,24/09/1996
FLWS,9.260000229,9.199999809,9.199999809,9.100000381,9.260000229,67500,06/10/2016
RAVN,18.60000038,18.64999962,17.4800415,18.48999977,18.75,141000,19/08/2015
RRC,62.97999954,64.43000031,63.09190369,62.95999908,64.62999725,2532400,22/07/2011
MHD,13.23999977,13.32999992,4.221771717,13.23999977,13.32999992,26500,10/05/2001
AAPL,107.25,105.5199966,102.1464767,105.2399979,107.2699966,53002000,08/09/2016
GTS,18.43000031,18.37999916,18.37999916,18.29000092,18.67000008,61000,27/04/2010
AMSWA,3.777777672,3.777777672,1.453933835,3.777777672,3.888888836,87300,24/11/1987
MHF,9.0625,9.0625,3.007642508,9,9.125,24400,07/07/1999
FLWS,3.0625,2.875,2.875,2.75,3.0625,105400,10/11/2000
RRC,5.320000172,5,4.759391785,4.733329773,5.320000172,2613900,30/10/2003
CLWT,18.42499924,18.31500053,18.31500053,18.26000023,18.47999954,2600,01/05/2006
RAVN,1.458333373,1.458333373,0.058356673,1.40625,1.458333373,41600,29/02/1996
MHF,9.125,9.375,1.632217526,9.125,9.375,17700,24/05/1990
VIAV,9.670079231,9.402729988,9.402729988,9.385665894,9.709897995,13537400,15/06/2011
CAAS,7.019999981,6.960000038,6.820334435,6.650000095,7.199999809,79600,07/09/2006
RRD,8.234375,8.203125,1.851458549,8.15625,8.234375,183200,14/02/1983
GTT,0.560000002,0.560000002,0.560000002,0.560000002,0.560000002,200,12/06/2008
FLWS,10.26000023,10.5,10.5,10.25,10.55000019,275500,02/04/2004
MHF,9.625,9.625,1.599919915,9.5,9.625,11600,15/11/1989
PEY,8.720000267,8.640000343,6.526483059,8.640000343,8.729999542,115000,31/01/2011
BRFS,16.46999931,16.81999969,15.60808563,16.46999931,16.85000038,2743800,12/09/2012
VIAV,1.848691702,1.830915809,1.830915809,1.813139915,1.919795275,1141900,27/10/1994
GTT,6.449999809,7,7,6.369999886,7.480000019,178100,17/12/2013
AAPL,1.361607194,1.370535731,0.716588736,1.352678537,1.40625,52203200,17/04/1995
BRFS,7.550000191,7.730000019,7.730000019,7.510000229,7.769999981,7456200,07/03/2018
AHL,21.93000031,21.95000076,18.06729889,21.77000046,22.11000061,688000,23/06/2009
VIAV,8.100113869,8.418657303,8.418657303,7.872582436,8.600682259,4611700,14/10/2002
CAAS,2.480000019,2.25999999,2.214648724,2.230000019,2.480000019,26400,27/10/2008
AFSI,6.1198349,6.074380398,3.997199774,5.96281004,6.165289402,1071600,02/08/2007
EGHT,3.230000019,3.220000029,3.220000029,3.160000086,3.24000001,409600,15/10/2004
AAPL,0.352678567,0.357142866,0.016129637,0.350446433,0.366071433,25569600,16/11/1983
AAPL,0.381696433,0.381696433,0.017238554,0.381696433,0.392857134,36668800,11/04/1985
GTN,10.89999962,11,8.815182686,10.89999962,11.05000019,5000,23/09/2002
GTT,29.20000076,29.60000038,29.60000038,28.85000038,29.70000076,321100,11/01/2017
CAAS,8.989999771,8.850000381,8.672408104,8.699999809,9.199999809,165000,21/03/2007
EGHT,10.25,9.125,9.125,9,10.375,179500,23/05/2000
APO,23.44000053,23.30999947,21.20575333,23.26000023,23.59000015,3025800,21/03/2017
AHL,28.25,28.39999962,22.52643013,27.93000031,28.72999954,505100,01/02/2008
MHD,17.03000069,17.02000046,16.24759865,16.92000008,17.03000069,59600,17/10/2017
PEY,10.78999996,10.88000011,7.197592258,10.77000046,10.94999981,112200,22/05/2008
GTS,21.98999977,22.25,22.25,21.81999969,22.36000061,94500,23/05/2016
PEZ,22.75,22.65999985,21.21726418,22.53000069,22.75,3000,30/05/2008
GTN,12.15999985,12.31000042,12.31000042,12.06000042,12.31999969,342900,01/08/2014
PEY,16.5,16.38999939,15.38638306,16.37000084,16.54000092,602200,01/12/2016
CLWT,7.204999924,7.150000095,7.150000095,6.710000038,7.204999924,3200,25/04/2011
GTN,10.60000038,10.85000038,10.85000038,10.5,11.10000038,978400,20/01/2017
CLWT,12.17185974,10.49298,10.49298,10.28312016,12.17185974,8400,11/12/1997
BRFS,3.362499952,3.397500038,1.488717794,3.358333349,3.397500038,76800,14/12/2004
GTN,11.52000046,11.67000008,9.47389698,11.52000046,11.71000004,56400,13/08/2004
GTS,17.90999985,17.5,17.5,17.39999962,17.95999908,68500,27/03/2013
CAAS,11.61999989,11.47999954,11.24963093,11.35999966,12.02000046,237900,20/12/2006
EGHT,1.850000024,1.840000033,1.840000033,1.789999962,1.879999995,587200,05/08/2005
RAVN,2.15625,2.162499905,1.004374146,2.15625,2.162499905,11200,04/10/2001
CRCM,21.37000084,21.35000038,21.35000038,21.13999939,22.12000084,199300,24/07/2018
FLWS,9.380000114,9.25,9.25,9.149999619,9.489999771,111200,08/09/2003
EGHT,2.650000095,2.680000067,2.680000067,2.630000114,2.75999999,432200,22/02/2005
AMSWA,4.25,4.375,2.065973282,4.25,4.4375,34400,01/07/1999
OXLC,14.93999958,14.55000019,7.78279829,14.51000023,14.93999958,115900,22/06/2015
RAVN,2.700000048,2.71875,1.262724638,2.674999952,2.71875,31200,30/11/2001
AMSWA,4.629629612,4.518518448,1.724704504,4.518518448,4.629629612,237700,17/12/1986
AMSWA,10.25,10,4.265974522,9.875,10.25,120100,19/11/1992
MHD,16.65999985,16.67000008,13.32447338,16.62999916,16.67000008,16900,11/11/2014
AMSWA,7,6.929999828,3.781748772,6.889999866,7,19100,13/10/2006
EGHT,14.80000019,14.96000004,14.96000004,14.63000011,15.14999962,442800,26/09/2016
AAPL,1.125,1.133928537,0.326211989,1.089285731,1.142857194,35915600,12/11/1993
EGHT,6,7.375,7.375,6,7.5,1210800,02/03/1998
CCNE,17.27599907,16.60000038,8.878735542,16.58799934,17.31599998,6700,04/06/2003
EGHT,22,22.39999962,22.39999962,21.95000076,22.64999962,404000,10/08/2018
AHH,13.76000023,13.52999973,12.4564724,13.51000023,14.01000023,184000,01/02/2017
AMSWA,9.125,9,3.83937645,8.875,9.125,109500,01/12/1992
GHDX,29.28000069,27.95999908,27.95999908,27.84000015,29.28000069,113100,13/04/2012
AMSWA,10.48999977,10.30000019,5.796583176,10.25,10.48999977,75200,21/06/2007
BRFS,10.66499996,10.6875,9.499980927,10.60000038,10.76249981,3448800,24/07/2009
OXLC,11,11.02999973,8.398400307,10.85000038,11.17000008,277300,09/02/2017
GTN,2.599999905,2.529999971,2.529999971,2.50999999,2.630000114,135200,25/07/2011
AMSWA,9.170000076,9,7.101980686,8.930000305,9.18999958,100500,07/11/2013
CAAS,7.5,7.909999847,7.751270771,7.420000076,7.949999809,68700,10/08/2009
AMSWA,12,12,4.786735058,12,12.16666698,577900,28/08/1989
AMSWA,3.299999952,3.299999952,1.558333397,3.230000019,3.450000048,49000,30/05/2002
FLWS,10.84000015,10.63000011,10.63000011,10.60000038,10.89999962,232700,17/07/2015
FLWS,5.300000191,5,5,4.849999905,5.300000191,831300,18/02/2014
VIAV,29.72127342,29.93458557,29.93458557,29.15244675,31.00113678,1787800,09/07/1998
MHF,9.375,9.5,1.621370316,9.375,9.625,19600,07/03/1990
RRC,74.65000153,73.80000305,72.65615082,73.51999664,75,1406900,18/11/2013
RRC,4.666669846,5.083330154,4.726257801,4.666669846,5.166669846,141000,14/09/1998
CLWT,3.336770058,3.777470112,3.777470112,3.336770058,3.777470112,1400,20/03/2001
RRC,65.81999969,65.54000092,63.48768616,65.08999634,66.76000214,2099200,30/06/2008
CLWT,2.599999905,2.599999905,2.599999905,2.589999914,2.599999905,4600,01/08/2013
OXLC,14.97000027,15.39000034,5.708258152,14.69999981,15.39000034,49600,31/12/2012
EGHT,12,11.75,11.75,11.75,12.0625,130700,18/11/1997
RAVN,1.298611164,1.298611164,0.02001486,1.291666627,1.305555582,28800,12/03/1992
PEZ,22.38999939,22.30999947,21.16540909,22.26000023,22.39999962,9800,31/03/2010
RAVN,10.125,9.579999924,6.346278191,9.5,10.125,281600,04/01/2005
PEZ,26.09000015,26.20999908,25.03785706,26.09000015,26.21999931,1500,31/03/2011
MHD,14.3125,14.1875,3.923339605,14.125,14.3125,24700,02/08/1999
CLWT,3.247620106,3.064290047,3.064290047,2.776190042,3.247620106,1400,28/04/2003
RRC,5.320000172,5.300000191,5.044958591,5.266670227,5.400000095,277200,24/11/2003
CCNE,8.199999809,8.119999886,3.694432497,8.119999886,8.199999809,1700,31/10/2001
BRFS,2.716666698,2.666666746,1.168480992,2.658333302,2.716666698,336000,03/11/2004
RAVN,34.40000153,34.65000153,34.14947128,33.29999924,34.75,135400,10/07/2017
BRFS,13.41499996,13.73499966,12.2707243,13.37250042,13.83749962,1880000,31/03/2010
RRC,1.791669965,1.791669965,1.705452204,1.708330035,1.791669965,149400,08/02/2000
MHD,17.25,17.18000031,16.10604858,17.12000084,17.25,66600,29/06/2017
BRFS,3.291666746,3.326666594,1.780763268,3.289999962,3.400000095,246000,08/04/2005
AHL,26.71999931,26.60000038,20.50242805,26.52000046,26.88999939,236500,14/12/2006
GTS,19.36000061,18.93000031,18.93000031,18.84000015,19.37999916,30900,03/01/2013
CLWT,3.690000057,3.599999905,3.599999905,3.549999952,3.720000029,4000,18/11/2014
AAPL,0.504464269,0.504464269,0.022783112,0.504464269,0.517857134,54751200,27/03/1986
CLWT,3.142859936,3.535710096,3.535710096,3.142859936,3.535710096,400,11/09/2002
GTN,1.899999976,1.799999952,1.799999952,1.779999971,1.950000048,66000,14/11/2011
RRC,14.63333035,14.49333,13.88622189,14.23999977,14.65332985,685800,18/05/2005
DSKE,9.590000153,9.619999886,9.619999886,9.569999695,9.619999886,735000,19/02/2016
AFSI,6.979338646,6.735537052,4.44888258,6.673553944,6.979338646,714600,10/10/2007
MHD,14.71000004,14.80000019,7.228767395,14.69999981,14.81999969,62700,07/12/2007
RAVN,25.90500069,25.64500046,22.36219406,24.69499969,26.35499954,126800,07/10/2011
MHD,15.18999958,15.07999992,7.261181355,15.07999992,15.19999981,8600,14/08/2007
CRCM,8.930000305,8.979999542,8.979999542,8.840000153,9.090000153,73200,17/11/2016
VIAV,1.208759904,1.208759904,1.208759904,1.208759904,1.24431169,132900,29/12/1993
PEZ,16.23999977,16.22999954,15.35149193,16.18000031,16.23999977,3100,02/01/2009
EGHT,14.35000038,15.10000038,15.10000038,14.35000038,15.10000038,647300,16/03/2017
AMSWA,5.611111164,5.833333492,2.288217068,5.555555344,5.833333492,95100,01/08/1988
AHH,10.72999954,10.63000011,8.806188583,10.56000042,10.72999954,207800,19/06/2015
RAVN,1.625,1.708333373,0.05757061,1.625,1.708333373,9600,11/07/1995
PEY,15.10999966,15.06999969,8.808965683,15.01000023,15.10999966,150000,21/06/2005
APO,22.70000076,22.70000076,17.13533783,22.51000023,23.23999977,790900,22/12/2014
AHL,25.46999931,25.5,20.45324326,25.13999939,25.60000038,738900,02/06/2008
CLWT,2.950000048,2.980000019,2.980000019,2.950000048,2.980000019,500,28/04/2015
CAAS,2.430000067,2.710000038,2.655618668,2.430000067,2.730000019,4400,04/03/2009
PEZ,24.20000076,24.40999985,23.37865829,24.05999947,24.40999985,5800,15/08/2011
APO,35.06999969,35.41999817,33.86240768,34.79999924,35.70000076,493700,17/01/2018
FLWS,6.550000191,6.5,6.5,6.5,6.570000172,103400,09/03/2006
VIAV,17.56541443,17.61092186,17.61092186,17.06484604,18.02047729,4087100,07/05/2002
DSKE,9.819999695,9.989999771,9.989999771,9.798000336,10.06999969,435700,12/06/2018
VIAV,6.348123074,6.444823742,6.444823742,6.291240215,6.478953362,7176500,23/03/2010
GHDX,24.79999924,26.70000076,26.70000076,24.77000046,27.02000046,584200,10/01/2008
MHD,17.77000046,17.77000046,15.45517254,17.73999977,17.78000069,25500,09/03/2016
ISTR,15,15.02900028,14.83657265,15,15.02900028,1400,06/03/2015
RRC,61.47999954,62.38000107,61.0844841,61.20000076,64.81999969,3536900,16/08/2011
AAPL,16.06999969,16.21999931,10.89982891,16.0014286,16.25,143102400,22/05/2007
RRC,3,2.920000076,2.779485226,2.846669912,3.119999886,602400,19/07/2001
PEY,11.05000019,11.11999989,9.345499039,11,11.15999985,198800,23/09/2013
EGHT,1.149999976,1.159999967,1.159999967,1.120000005,1.159999967,261600,27/06/2008
RAVN,0.3125,0.3125,0.000203396,0.3125,0.3125,310400,25/03/1986
CAAS,14.10000038,13.02000046,12.75872898,13,14.19999981,38800,28/01/2004
RAVN,17.10000038,15.81499958,11.25426388,15.80500031,17.45000076,170400,17/01/2008
AMSWA,9.649999619,9.789999962,8.235667229,9.539999962,9.850000381,64500,12/03/2015
MHF,7.4375,7.4375,2.625550508,7.375,7.5625,52700,18/05/2000
AMSWA,5.6875,5.9375,2.803819656,5.5,5.968699932,67000,28/07/2000
MHD,15.86999989,15.67000008,10.19031334,15.64000034,15.92000008,26200,17/10/2011
CRCM,13.88000011,13.80000019,13.80000019,13.59000015,13.94999981,220000,05/05/2017
NSEC,2.708333254,2.708333254,0.611339867,2.708333254,2.777777672,1800,05/05/1981
FLWS,9.5,9.25,9.25,9.149999619,9.5,340200,03/09/2003
PEY,12.72999954,12.27999973,7.984742165,12.27999973,12.72999954,79200,17/01/2008
AMSWA,6.349999905,6.25,3.625317812,6.150000095,6.349999905,70100,25/04/2008
RRC,20.37999916,20.33333015,19.50540161,20.16666985,20.49333,1631700,13/07/2005
PEY,16.18000031,16.14999962,10.04688644,16.10000038,16.20000076,73500,17/01/2007
RAVN,1.458333373,1.458333373,0.217763618,1.395833373,1.458333373,9600,30/08/1999
MHF,9,9,2.311128139,9,9,6300,03/08/1995
MHD,14.30000019,14.35000038,7.008972645,14.21000004,14.35000038,37400,26/11/2007
RAVN,34.58000183,33.59999847,30.41374779,33.33000183,34.61999893,85500,30/10/2013
GTS,18.42000008,18.28000069,18.28000069,18.04999924,18.42000008,77500,29/06/2012
VIAV,9.69852066,9.653015137,9.653015137,9.49943161,9.766780853,8589200,31/01/2011
AAPL,7.062857151,7.67714262,5.159034729,7.038571358,7.70714283,466393900,13/10/2005
RAVN,7.372499943,7.287499905,4.393183708,7.15500021,7.372499943,94000,12/12/2003
MHF,8.75,8.875,2.237485886,8.75,8.875,15300,12/05/1995
BRFS,11.73999977,11.88000011,11.88000011,11.64999962,11.89000034,1796600,12/07/2017
AHL,26.29999924,26.54999924,19.51798058,26.20000076,26.54999924,24400,05/03/2004
CLWT,19.69000053,19.69000053,19.69000053,19.69000053,20.23999977,4800,11/10/2005
AAPL,11.05571461,10.60000038,7.123193741,10.46428585,11.0714283,318946600,25/01/2006
GHDX,29.17000008,28.13999939,28.13999939,28.04000092,29.17000008,126900,17/01/2017
RRC,17.73332977,17.66666985,16.94732094,17.49333,17.87332916,986200,20/06/2005
AMSWA,2.125,2.0625,0.973958731,1.875,2.125,62700,07/02/2001
GHDX,19.32999992,17.93000031,17.93000031,17.18000031,19.32999992,820500,12/02/2007
AMSWA,5.9375,5.9375,2.803819656,5.9375,6.125,27900,17/10/1996
PEY,16.80999947,16.79999924,16.53144836,16.75,16.96999931,212000,27/03/2018
VIAV,19.20363998,18.79408455,18.79408455,18.2025032,19.70421028,5812800,02/05/2002
APO,22.47999954,22.20000076,15.84376812,21.89999962,22.55999947,447600,22/03/2013
CLWT,21.17499924,20.89999962,20.89999962,20.12999916,21.55999947,24500,18/01/2005
VIAV,8.009100914,8.026165962,8.026165962,7.940841675,8.07167244,4441200,27/08/2007
AMSWA,3.92592597,3.901234627,1.479464173,3.901234627,3.92592597,119400,14/02/1985
PEY,7.210000038,7.670000076,5.212598324,7.099999905,7.71999979,47200,05/12/2008
FLWS,4.5,4.519999981,4.519999981,4.5,5.079999924,500900,08/10/2008
VIAV,3.373151302,3.310580254,3.310580254,3.287827015,3.401592731,4766100,11/08/2009
AMSWA,17,16.625,6.992619514,16.625,17,27800,06/03/1992
MHD,15,15,4.083114624,15,15.125,23800,13/05/1999
AHH,15.46000004,15.59000015,15.59000015,15.46000004,15.67000008,163300,14/08/2018
GTT,10.5,10.56000042,10.56000042,10.28999996,11.10000038,21200,11/04/2014
BRFS,0.5,0.487500012,0.066603966,0.487500012,0.5,30000,09/10/2002
RAVN,7.982500076,8,5.151228905,7.982500076,8.237500191,80400,01/06/2004
RAVN,12.05500031,11.78499985,7.902441978,11.55000019,12.05500031,302000,18/08/2005
CAAS,10.89999962,11.35000038,11.12224102,10.69999981,11.35000038,59500,10/11/2003
BRFS,18.97999954,19.15999985,18.1941967,18.90999985,19.15999985,1530400,25/03/2014
CAAS,17.25,17.25,16.90384483,16.64999962,17.45000076,237300,15/10/2010
CLWT,21.61499977,24.75,24.75,21.61499977,24.75,131000,16/01/2007
MHD,16.72999954,16.64999962,14.17926216,16.54999924,16.78000069,39400,06/11/2015
RRC,5.666669846,5.666669846,4.972323895,5.666669846,5.666669846,900,25/10/1993
BRFS,2.67750001,2.732500076,1.197327852,2.654166698,2.741666555,301200,08/09/2004
EGHT,1.75,1.730000019,1.730000019,1.700000048,1.75999999,236400,07/04/2005
RAVN,11.39500046,10.80000019,8.252321243,10.75,11.43500042,187200,14/01/2009
AHH,13.47999954,13.84000015,12.58171272,13.47999954,13.98999977,207400,21/10/2016
RAVN,0.319444448,0.319444448,3.80E-05,0.315972209,0.322916657,22400,27/11/1984
AHL,24.45999908,24.48999977,19.19450378,23.70999908,25.11000061,1697700,01/08/2007
AAPL,1.08571434,1.082857132,0.727679372,1.078571439,1.095714331,56967400,03/12/2002
RAVN,0.34375,0.34375,4.08E-05,0.340277791,0.34375,22400,14/12/1984
GTT,1.799999952,1.799999952,1.799999952,1.799999952,1.799999952,1100,16/03/2007
VIAV,95.34983063,95.13652039,95.13652039,94.28327942,99.82935333,1481400,06/08/1999
CLWT,7.809999943,7.699999809,7.699999809,7.644999981,7.920000076,3800,10/11/2010
AMSWA,6.590000153,6.46999979,4.157022953,6.420000076,6.599999905,71600,16/11/2009
GTN,17.25,17.14999962,17.14999962,17,17.25,561300,17/01/2018
GTS,9.25,8.979999542,8.979999542,8.899999619,10.14999962,77900,04/12/2008
GTS,20.87000084,20.88999939,20.88999939,20.65999985,21.18000031,78800,20/05/2011
OXLC,10.35000038,10.5,9.875266075,10.34000015,10.52999973,218300,09/04/2018
RRC,6.5,6.75,5.933134079,6.416669846,6.916669846,623700,04/01/1996
GTN,12.07999992,11.78999996,11.78999996,11.68999958,12.10999966,367000,12/06/2014
VIAV,36.19169617,38.1825943,38.1825943,35.76507568,39.24914551,2137000,21/12/1998
RAVN,17.44000053,17.51499939,14.22403526,17.28000069,17.88999939,89000,30/07/2010
AAPL,0.267857134,0.267857134,0.012097228,0.267857134,0.267857134,10718400,30/08/1985
GHDX,25.51000023,26.04000092,26.04000092,25.27000046,26.47999954,119400,05/01/2012
GTT,32.59999847,32.54999924,32.54999924,32.20000076,32.75,538800,23/06/2017
APO,13.35000038,12.93999958,10.72106647,12.53999996,13.44999981,2945200,08/02/2016
CLWT,4.510000229,4.800000191,4.800000191,4.46999979,4.849999905,32500,25/07/2014
GTN,11.56000042,11.59000015,9.469489098,11.30000019,11.60000038,49800,06/06/2005
MHD,15.59000015,15.67000008,12.0483284,15.55000019,15.67000008,75500,04/04/2014
RRC,6.833330154,7,6.152881622,6.833330154,7,252300,02/02/1996
FLWS,6.940000057,6.980000019,6.980000019,6.940000057,7.119999886,307100,02/09/2005
MHD,14.81000042,14.84000015,8.528728485,14.75,14.86999989,26900,11/02/2010
GTN,0.430000007,0.419999987,0.419999987,0.419999987,0.439999998,134200,09/07/2009
PEZ,35.50999832,35.02999878,34.1108017,35.02000046,35.50999832,5400,05/06/2013
GHDX,36.84000015,37,37,36.75,37.11000061,164000,24/05/2013
PEY,16.95000076,16.95999908,16.13775063,16.93000031,16.98999977,2820100,21/04/2017
